Name,Position,Opposing Team,Threshold,Type
Jake Browning,QB,PIT,274.5,Pass Yards
Mason Rudolph,QB,CIN,224.5,Pass Yards
Jake Browning,QB,PIT,241.5,Pass Yards
Mason Rudolph,QB,CIN,189.5,Pass Yards
Jake Browning,QB,PIT,199.5,Pass Yards
Josh Allen,QB,LAC,244.5,Pass Yards
Josh Allen,QB,LAC,274.5,Pass Yards
Josh Allen,QB,LAC,224.5,Pass Yards
Easton Stick,QB,BUF,249.5,Pass Yards
Easton Stick,QB,BUF,206.5,Pass Yards
Easton Stick,QB,BUF,174.5,Pass Yards
Taylor Heinicke,QB,IND,249.5,Pass Yards
Gardner Minshew,QB,ATL,223.5,Pass Yards
Gardner Minshew,QB,ATL,199.5,Pass Yards
Taylor Heinicke,QB,IND,210.5,Pass Yards
Taylor Heinicke,QB,IND,174.5,Pass Yards
Gardner Minshew,QB,ATL,249.5,Pass Yards
Jordan Love,QB,CAR,274.5,Pass Yards
Jordan Love,QB,CAR,221.5,Pass Yards
Bryce Young,QB,GB,199.5,Pass Yards
Bryce Young,QB,GB,176.5,Pass Yards
Jordan Love,QB,CAR,199.5,Pass Yards
Joe Flacco,QB,HOU,250.5,Pass Yards
Case Keenum,QB,CLE,209.5,Pass Yards
Joe Flacco,QB,HOU,274.5,Pass Yards
Joe Flacco,QB,HOU,199.5,Pass Yards
Jared Goff,QB,MIN,258.5,Pass Yards
Jared Goff,QB,MIN,299.5,Pass Yards
Nick Mullens,QB,DET,299.5,Pass Yards
Nick Mullens,QB,DET,262.5,Pass Yards
Jared Goff,QB,MIN,224.5,Pass Yards
Sam Howell,QB,NYJ,249.5,Pass Yards
Trevor Siemian,QB,WAS,204.5,Pass Yards
Sam Howell,QB,NYJ,207.5,Pass Yards
Sam Howell,QB,NYJ,199.5,Pass Yards
Geno Smith,QB,TEN,274.5,Pass Yards
Geno Smith,QB,TEN,238.5,Pass Yards
Geno Smith,QB,TEN,199.5,Pass Yards
Baker Mayfield,QB,JAC,274.5,Pass Yards
Baker Mayfield,QB,JAC,234.5,Pass Yards
Baker Mayfield,QB,JAC,199.5,Pass Yards
Kyler Murray,QB,CHI,214.5,Pass Yards
Kyler Murray,QB,CHI,249.5,Pass Yards
Justin Fields,QB,ARI,203.5,Pass Yards
Justin Fields,QB,ARI,249.5,Pass Yards
Kyler Murray,QB,CHI,174.5,Pass Yards
Justin Fields,QB,ARI,174.5,Pass Yards
Dak Prescott,QB,MIA,324.5,Pass Yards
Tua Tagovailoa,QB,DAL,299.5,Pass Yards
Dak Prescott,QB,MIA,276.5,Pass Yards
Tua Tagovailoa,QB,DAL,266.5,Pass Yards
Dak Prescott,QB,MIA,249.5,Pass Yards
Tua Tagovailoa,QB,DAL,224.5,Pass Yards
Bailey Zappe,QB,DEN,224.5,Pass Yards
Russell Wilson,QB,NE,249.5,Pass Yards
Bailey Zappe,QB,DEN,186.5,Pass Yards
Russell Wilson,QB,NE,208.5,Pass Yards
Russell Wilson,QB,NE,174.5,Pass Yards
Aidan O'Connell,QB,KC,210.5,Pass Yards
Patrick Mahomes,QB,LV,299.5,Pass Yards
Patrick Mahomes,QB,LV,267.5,Pass Yards
Aidan O'Connell,QB,KC,249.5,Pass Yards
Aidan O'Connell,QB,KC,174.5,Pass Yards
Patrick Mahomes,QB,LV,224.5,Pass Yards
Tommy DeVito,QB,PHI,185.5,Pass Yards
Jalen Hurts,QB,NYG,274.5,Pass Yards
Jalen Hurts,QB,NYG,230.5,Pass Yards
Tommy DeVito,QB,PHI,224.5,Pass Yards
Jalen Hurts,QB,NYG,199.5,Pass Yards
Tommy DeVito,QB,PHI,149.5,Pass Yards
Brock Purdy,QB,BAL,299.5,Pass Yards
Lamar Jackson,QB,SF,274.5,Pass Yards
Lamar Jackson,QB,SF,219.5,Pass Yards
Lamar Jackson,QB,SF,249.5,Pass Yards
Brock Purdy,QB,BAL,252.5,Pass Yards
Brock Purdy,QB,BAL,224.5,Pass Yards
Lamar Jackson,QB,SF,199.5,Pass Yards
Tee Higgins,WR,PIT,79.5,Receiving Yards
George Pickens,WR,CIN,69.5,Receiving Yards
Diontae Johnson,WR,CIN,69.5,Receiving Yards
Diontae Johnson,WR,CIN,46.5,Receiving Yards
George Pickens,WR,CIN,41.5,Receiving Yards
Tee Higgins,WR,PIT,59.5,Receiving Yards
Diontae Johnson,WR,CIN,24.5,Receiving Yards
Tyler Boyd,WR,PIT,24.5,Receiving Yards
Tyler Boyd,WR,PIT,59.5,Receiving Yards
Tyler Boyd,WR,PIT,34.5,Receiving Yards
Joe Mixon,RB,PIT,18.5,Receiving Yards
Tyler Boyd,WR,PIT,49.5,Receiving Yards
Chase Brown,RB,PIT,18.5,Receiving Yards
Trenton Irwin,WR,PIT,15.5,Receiving Yards
Tanner Hudson,TE,PIT,49.5,Receiving Yards
Allen Robinson,WR,CIN,14.5,Receiving Yards
Tanner Hudson,TE,PIT,28.5,Receiving Yards
George Pickens,WR,CIN,24.5,Receiving Yards
Jaylen Warren,RB,CIN,20.5,Receiving Yards
Pat Freiermuth,TE,CIN,39.5,Receiving Yards
Pat Freiermuth,TE,CIN,26.5,Receiving Yards
Tee Higgins,WR,PIT,39.5,Receiving Yards
Stefon Diggs,WR,LAC,99.5,Receiving Yards
Dalton Kincaid,TE,LAC,30.5,Receiving Yards
Stefon Diggs,WR,LAC,49.5,Receiving Yards
James Cook,RB,LAC,24.5,Receiving Yards
Austin Ekeler,RB,BUF,28.5,Receiving Yards
Josh Palmer,WR,BUF,49.5,Receiving Yards
Quentin Johnston,WR,BUF,49.5,Receiving Yards
Gabriel Davis,WR,LAC,24.5,Receiving Yards
Gabriel Davis,WR,LAC,49.5,Receiving Yards
Austin Ekeler,RB,BUF,49.5,Receiving Yards
Stefon Diggs,WR,LAC,70.5,Receiving Yards
Jalen Guyton,WR,BUF,12.5,Receiving Yards
Gabriel Davis,WR,LAC,30.5,Receiving Yards
Dalton Kincaid,TE,LAC,49.5,Receiving Yards
Dalton Kincaid,TE,LAC,24.5,Receiving Yards
Josh Palmer,WR,BUF,38.5,Receiving Yards
Josh Palmer,WR,BUF,24.5,Receiving Yards
Quentin Johnston,WR,BUF,27.5,Receiving Yards
Alex Erickson,WR,BUF,9.5,Receiving Yards
Austin Ekeler,RB,BUF,24.5,Receiving Yards
Michael Pittman Jr.,WR,ATL,99.5,Receiving Yards
Drake London,WR,IND,79.5,Receiving Yards
Bijan Robinson,RB,IND,20.5,Receiving Yards
Kyle Pitts,TE,IND,59.5,Receiving Yards
Drake London,WR,IND,39.5,Receiving Yards
Bijan Robinson,RB,IND,39.5,Receiving Yards
Alec Pierce,WR,ATL,49.5,Receiving Yards
Alec Pierce,WR,ATL,27.5,Receiving Yards
Drake London,WR,IND,56.5,Receiving Yards
Josh Downs,WR,ATL,40.5,Receiving Yards
KhaDarel Hodge,WR,IND,10.5,Receiving Yards
Michael Pittman Jr.,WR,ATL,73.5,Receiving Yards
Jonnu Smith,TE,IND,39.5,Receiving Yards
Kyle Pitts,TE,IND,24.5,Receiving Yards
Jonnu Smith,TE,IND,24.5,Receiving Yards
Kyle Pitts,TE,IND,39.5,Receiving Yards
Chuba Hubbard,RB,GB,11.5,Receiving Yards
Jonathan Mingo,WR,GB,49.5,Receiving Yards
D.J. Chark,WR,GB,23.5,Receiving Yards
Jonathan Mingo,WR,GB,31.5,Receiving Yards
Adam Thielen,WR,GB,45.5,Receiving Yards
Jonathan Mingo,WR,GB,24.5,Receiving Yards
Tucker Kraft,TE,CAR,37.5,Receiving Yards
Tommy Tremble,TE,GB,15.5,Receiving Yards
Aaron Jones,RB,CAR,21.5,Receiving Yards
Amari Cooper,WR,HOU,89.5,Receiving Yards
David Njoku,TE,HOU,79.5,Receiving Yards
Jerome Ford,RB,HOU,16.5,Receiving Yards
Elijah Moore,WR,HOU,59.5,Receiving Yards
Devin Singletary,RB,CLE,14.5,Receiving Yards
Nico Collins,WR,CLE,69.5,Receiving Yards
Noah Brown,WR,CLE,59.5,Receiving Yards
Amari Cooper,WR,HOU,39.5,Receiving Yards
Dalton Schultz,TE,CLE,24.5,Receiving Yards
Noah Brown,WR,CLE,24.5,Receiving Yards
Nico Collins,WR,CLE,39.5,Receiving Yards
Amari Cooper,WR,HOU,61.5,Receiving Yards
Elijah Moore,WR,HOU,24.5,Receiving Yards
Nico Collins,WR,CLE,46.5,Receiving Yards
David Njoku,TE,HOU,51.5,Receiving Yards
Dalton Schultz,TE,CLE,49.5,Receiving Yards
Noah Brown,WR,CLE,41.5,Receiving Yards
Elijah Moore,WR,HOU,35.5,Receiving Yards
Cedric Tillman,WR,HOU,23.5,Receiving Yards
Dalton Schultz,TE,CLE,31.5,Receiving Yards
Justin Jefferson,WR,DET,109.5,Receiving Yards
Amon-Ra St. Brown,WR,MIN,99.5,Receiving Yards
Jordan Addison,WR,DET,69.5,Receiving Yards
Sam LaPorta,TE,MIN,79.5,Receiving Yards
Jahmyr Gibbs,RB,MIN,21.5,Receiving Yards
Jameson Williams,WR,MIN,49.5,Receiving Yards
Jordan Addison,WR,DET,39.5,Receiving Yards
Justin Jefferson,WR,DET,59.5,Receiving Yards
Sam LaPorta,TE,MIN,39.5,Receiving Yards
Amon-Ra St. Brown,WR,MIN,59.5,Receiving Yards
Amon-Ra St. Brown,WR,MIN,80.5,Receiving Yards
Justin Jefferson,WR,DET,83.5,Receiving Yards
Jahmyr Gibbs,RB,MIN,39.5,Receiving Yards
Sam LaPorta,TE,MIN,51.5,Receiving Yards
Jordan Addison,WR,DET,51.5,Receiving Yards
Jameson Williams,WR,MIN,30.5,Receiving Yards
K.J. Osborn,WR,DET,19.5,Receiving Yards
Josh Reynolds,WR,MIN,19.5,Receiving Yards
Kalif Raymond,WR,MIN,10.5,Receiving Yards
T.J. Hockenson,TE,DET,53.5,Receiving Yards
Garrett Wilson,WR,WAS,79.5,Receiving Yards
Garrett Wilson,WR,WAS,89.5,Receiving Yards
Terry McLaurin,WR,NYJ,69.5,Receiving Yards
Breece Hall,RB,WAS,27.5,Receiving Yards
Tyler Conklin,TE,WAS,49.5,Receiving Yards
Breece Hall,RB,WAS,49.5,Receiving Yards
Logan Thomas,TE,NYJ,49.5,Receiving Yards
Curtis Samuel,WR,NYJ,49.5,Receiving Yards
Curtis Samuel,WR,NYJ,24.5,Receiving Yards
Terry McLaurin,WR,NYJ,48.5,Receiving Yards
Garrett Wilson,WR,WAS,62.5,Receiving Yards
Garrett Wilson,WR,WAS,49.5,Receiving Yards
Curtis Samuel,WR,NYJ,35.5,Receiving Yards
Hunter Renfrow,WR,KC,17.5,Receiving Yards
Jahan Dotson,WR,NYJ,25.5,Receiving Yards
Logan Thomas,TE,NYJ,26.5,Receiving Yards
Jeremy Ruckert,TE,WAS,12.5,Receiving Yards
Tyler Conklin,TE,WAS,31.5,Receiving Yards
Antonio Gibson,RB,NYJ,23.5,Receiving Yards
D.K. Metcalf,WR,TEN,89.5,Receiving Yards
Tyler Lockett,WR,TEN,69.5,Receiving Yards
Jaxon Smith-Njigba,WR,TEN,59.5,Receiving Yards
DeAndre Hopkins,WR,SEA,89.5,Receiving Yards
Kenneth Walker III,RB,TEN,10.5,Receiving Yards
Tyjae Spears,RB,SEA,14.5,Receiving Yards
D.K. Metcalf,WR,TEN,62.5,Receiving Yards
DeAndre Hopkins,WR,SEA,49.5,Receiving Yards
Treylon Burks,WR,SEA,49.5,Receiving Yards
Tyler Lockett,WR,TEN,39.5,Receiving Yards
Jaxon Smith-Njigba,WR,TEN,43.5,Receiving Yards
DeAndre Hopkins,WR,SEA,64.5,Receiving Yards
Tyler Lockett,WR,TEN,48.5,Receiving Yards
Chigoziem Okonkwo,TE,SEA,49.5,Receiving Yards
Treylon Burks,WR,SEA,27.5,Receiving Yards
D.K. Metcalf,WR,TEN,39.5,Receiving Yards
Chris Moore,WR,SEA,16.5,Receiving Yards
Jaxon Smith-Njigba,WR,TEN,24.5,Receiving Yards
Noah Fant,TE,TEN,39.5,Receiving Yards
Noah Fant,TE,TEN,20.5,Receiving Yards
Chigoziem Okonkwo,TE,SEA,27.5,Receiving Yards
Chigoziem Okonkwo,TE,SEA,24.5,Receiving Yards
Mike Evans,WR,JAC,99.5,Receiving Yards
Calvin Ridley,WR,TB,79.5,Receiving Yards
Chris Godwin,WR,JAC,79.5,Receiving Yards
Rachaad White,RB,JAC,26.5,Receiving Yards
Travis Etienne,RB,TB,25.5,Receiving Yards
Evan Engram,TE,TB,69.5,Receiving Yards
Calvin Ridley,WR,TB,39.5,Receiving Yards
Rachaad White,RB,JAC,39.5,Receiving Yards
Travis Etienne,RB,TB,39.5,Receiving Yards
Chris Godwin,WR,JAC,49.5,Receiving Yards
Evan Engram,TE,TB,39.5,Receiving Yards
Calvin Ridley,WR,TB,57.5,Receiving Yards
Mike Evans,WR,JAC,66.5,Receiving Yards
Cade Otton,TE,JAC,34.5,Receiving Yards
Mike Evans,WR,JAC,49.5,Receiving Yards
Chris Godwin,WR,JAC,58.5,Receiving Yards
Evan Engram,TE,TB,50.5,Receiving Yards
Cade Otton,TE,JAC,23.5,Receiving Yards
D.J. Moore,WR,ARI,99.5,Receiving Yards
Trey McBride,TE,CHI,79.5,Receiving Yards
Cole Kmet,TE,ARI,59.5,Receiving Yards
D.J. Moore,WR,ARI,49.5,Receiving Yards
Cole Kmet,TE,ARI,24.5,Receiving Yards
Trey McBride,TE,CHI,49.5,Receiving Yards
D.J. Moore,WR,ARI,63.5,Receiving Yards
Darnell Mooney,WR,ARI,25.5,Receiving Yards
Michael Wilson,WR,CHI,31.5,Receiving Yards
Trey McBride,TE,CHI,60.5,Receiving Yards
Cole Kmet,TE,ARI,39.5,Receiving Yards
CeeDee Lamb,WR,MIA,124.5,Receiving Yards
Tony Pollard,RB,MIA,19.5,Receiving Yards
Brandin Cooks,WR,MIA,24.5,Receiving Yards
Brandin Cooks,WR,MIA,40.5,Receiving Yards
Brandin Cooks,WR,MIA,59.5,Receiving Yards
CeeDee Lamb,WR,MIA,69.5,Receiving Yards
CeeDee Lamb,WR,MIA,88.5,Receiving Yards
Tyreek Hill,WR,DAL,90.5,Receiving Yards
Jaylen Waddle,WR,DAL,65.5,Receiving Yards
Michael Gallup,WR,MIA,17.5,Receiving Yards
Jalen Tolbert,WR,MIA,10.5,Receiving Yards
Jake Ferguson,TE,MIA,24.5,Receiving Yards
Jake Ferguson,TE,MIA,49.5,Receiving Yards
Jake Ferguson,TE,MIA,44.5,Receiving Yards
Courtland Sutton,WR,NE,79.5,Receiving Yards
Jerry Jeudy,WR,NE,59.5,Receiving Yards
Javonte Williams,RB,NE,17.5,Receiving Yards
Samaje Perine,RB,NE,14.5,Receiving Yards
Courtland Sutton,WR,NE,39.5,Receiving Yards
Courtland Sutton,WR,NE,52.5,Receiving Yards
Jerry Jeudy,WR,NE,39.5,Receiving Yards
Lil'Jordan Humphrey,WR,NE,10.5,Receiving Yards
Marvin Mims Jr.,WR,NE,14.5,Receiving Yards
Davante Adams,WR,KC,89.5,Receiving Yards
Rashee Rice,WR,LV,89.5,Receiving Yards
Travis Kelce,TE,LV,89.5,Receiving Yards
Jakobi Meyers,WR,KC,59.5,Receiving Yards
Davante Adams,WR,KC,49.5,Receiving Yards
Hunter Renfrow,WR,KC,39.5,Receiving Yards
Jakobi Meyers,WR,KC,24.5,Receiving Yards
Travis Kelce,TE,LV,49.5,Receiving Yards
Davante Adams,WR,KC,67.5,Receiving Yards
Rashee Rice,WR,LV,65.5,Receiving Yards
Justin Watson,WR,LV,18.5,Receiving Yards
Jakobi Meyers,WR,KC,37.5,Receiving Yards
Marquez Valdes-Scantling,WR,LV,17.5,Receiving Yards
Travis Kelce,TE,LV,65.5,Receiving Yards
Michael Mayer,TE,KC,23.5,Receiving Yards
Noah Gray,TE,LV,11.5,Receiving Yards
A.J. Brown,WR,NYG,99.5,Receiving Yards
D'Andre Swift,RB,NYG,13.5,Receiving Yards
Saquon Barkley,RB,PHI,18.5,Receiving Yards
A.J. Brown,WR,NYG,49.5,Receiving Yards
Darren Waller,TE,PHI,59.5,Receiving Yards
Darius Slayton,WR,PHI,27.5,Receiving Yards
A.J. Brown,WR,NYG,78.5,Receiving Yards
Jalin Hyatt,WR,PHI,18.5,Receiving Yards
Darius Slayton,WR,PHI,39.5,Receiving Yards
DeVonta Smith,WR,NYG,54.5,Receiving Yards
Wan'Dale Robinson,WR,PHI,30.5,Receiving Yards
Wan'Dale Robinson,WR,PHI,49.5,Receiving Yards
Dallas Goedert,TE,NYG,40.5,Receiving Yards
Darren Waller,TE,PHI,36.5,Receiving Yards
Brandon Aiyuk,WR,BAL,89.5,Receiving Yards
Deebo Samuel,WR,BAL,89.5,Receiving Yards
George Kittle,TE,BAL,69.5,Receiving Yards
Zay Flowers,WR,SF,69.5,Receiving Yards
Christian McCaffrey,RB,BAL,31.5,Receiving Yards
Christian McCaffrey,RB,BAL,24.5,Receiving Yards
Christian McCaffrey,RB,BAL,49.5,Receiving Yards
Isaiah Likely,TE,SF,49.5,Receiving Yards
Isaiah Likely,TE,SF,24.5,Receiving Yards
Odell Beckham Jr,WR,SF,59.5,Receiving Yards
Zay Flowers,WR,SF,46.5,Receiving Yards
Deebo Samuel,WR,BAL,39.5,Receiving Yards
Brandon Aiyuk,WR,BAL,61.5,Receiving Yards
Brandon Aiyuk,WR,BAL,39.5,Receiving Yards
Nelson Agholor,WR,SF,15.5,Receiving Yards
Deebo Samuel,WR,BAL,59.5,Receiving Yards
Odell Beckham Jr,WR,SF,24.5,Receiving Yards
Odell Beckham Jr,WR,SF,38.5,Receiving Yards
Rashod Bateman,WR,SF,24.5,Receiving Yards
Isaiah Likely,TE,SF,35.5,Receiving Yards
George Kittle,TE,BAL,46.5,Receiving Yards
Raheem Mostert,RB,DAL,0.5,Rush+Rec TDs
CeeDee Lamb,WR,MIA,0.5,Rush+Rec TDs
Travis Kelce,TE,LV,0.5,Rush+Rec TDs
Christian McCaffrey,RB,BAL,0.5,Rush+Rec TDs
Christian McCaffrey,RB,BAL,1.5,Rush+Rec TDs
Diontae Johnson,WR,CIN,0.5,Rush+Rec TDs
George Pickens,WR,CIN,0.5,Rush+Rec TDs
Jalen Hurts,QB,NYG,1.5,Rush+Rec TDs
Joe Mixon,RB,PIT,0.5,Rush+Rec TDs
Jalen Hurts,QB,NYG,0.5,Rush+Rec TDs
Najee Harris,RB,CIN,0.5,Rush+Rec TDs
Tee Higgins,WR,PIT,0.5,Rush+Rec TDs
Tyler Boyd,WR,PIT,0.5,Rush+Rec TDs
Jaylen Warren,RB,CIN,0.5,Rush+Rec TDs
Austin Ekeler,RB,BUF,0.5,Rush+Rec TDs
Dalton Kincaid,TE,LAC,0.5,Rush+Rec TDs
James Cook,RB,LAC,0.5,Rush+Rec TDs
Gabriel Davis,WR,LAC,0.5,Rush+Rec TDs
Gerald Everett,TE,BUF,0.5,Rush+Rec TDs
Josh Allen,QB,LAC,0.5,Rush+Rec TDs
Stefon Diggs,WR,LAC,0.5,Rush+Rec TDs
Josh Palmer,WR,BUF,0.5,Rush+Rec TDs
Jonathan Taylor,RB,ATL,0.5,Rush+Rec TDs
Drake London,WR,IND,0.5,Rush+Rec TDs
Kyle Pitts,TE,IND,0.5,Rush+Rec TDs
Tyler Allgeier,RB,IND,0.5,Rush+Rec TDs
Trey McBride,TE,CHI,0.5,Rush+Rec TDs
Josh Downs,WR,ATL,0.5,Rush+Rec TDs
Michael Pittman Jr.,WR,ATL,0.5,Rush+Rec TDs
Justin Jefferson,WR,DET,0.5,Rush+Rec TDs
AJ Dillon,RB,CAR,0.5,Rush+Rec TDs
Aaron Jones,RB,CAR,0.5,Rush+Rec TDs
Adam Thielen,WR,GB,0.5,Rush+Rec TDs
Chuba Hubbard,RB,GB,0.5,Rush+Rec TDs
Dontayvion Wicks,WR,CAR,0.5,Rush+Rec TDs
Amari Cooper,WR,HOU,0.5,Rush+Rec TDs
Jayden Reed,WR,CAR,0.5,Rush+Rec TDs
Romeo Doubs,WR,CAR,0.5,Rush+Rec TDs
Tucker Kraft,TE,CAR,0.5,Rush+Rec TDs
David Njoku,TE,HOU,0.5,Rush+Rec TDs
Devin Singletary,RB,CLE,0.5,Rush+Rec TDs
Elijah Moore,WR,HOU,0.5,Rush+Rec TDs
Jerome Ford,RB,HOU,0.5,Rush+Rec TDs
Kareem Hunt,RB,HOU,0.5,Rush+Rec TDs
Nico Collins,WR,CLE,0.5,Rush+Rec TDs
Noah Brown,WR,CLE,0.5,Rush+Rec TDs
Amon-Ra St. Brown,WR,MIN,0.5,Rush+Rec TDs
David Montgomery,RB,MIN,0.5,Rush+Rec TDs
Jahmyr Gibbs,RB,MIN,0.5,Rush+Rec TDs
Jameson Williams,WR,MIN,0.5,Rush+Rec TDs
Ty Chandler,RB,DET,0.5,Rush+Rec TDs
Jordan Addison,WR,DET,0.5,Rush+Rec TDs
Sam LaPorta,TE,MIN,0.5,Rush+Rec TDs
T.J. Hockenson,TE,DET,0.5,Rush+Rec TDs
Breece Hall,RB,WAS,0.5,Rush+Rec TDs
Terry McLaurin,WR,NYJ,0.5,Rush+Rec TDs
Garrett Wilson,WR,WAS,0.5,Rush+Rec TDs
Chigoziem Okonkwo,TE,SEA,0.5,Rush+Rec TDs
D.K. Metcalf,WR,TEN,0.5,Rush+Rec TDs
DeAndre Hopkins,WR,SEA,0.5,Rush+Rec TDs
Jaxon Smith-Njigba,WR,TEN,0.5,Rush+Rec TDs
Tyler Lockett,WR,TEN,0.5,Rush+Rec TDs
Calvin Ridley,WR,TB,0.5,Rush+Rec TDs
Chris Godwin,WR,JAC,0.5,Rush+Rec TDs
Evan Engram,TE,TB,0.5,Rush+Rec TDs
Mike Evans,WR,JAC,0.5,Rush+Rec TDs
Cole Kmet,TE,ARI,0.5,Rush+Rec TDs
D'Onta Foreman,RB,ARI,0.5,Rush+Rec TDs
James Conner,RB,CHI,0.5,Rush+Rec TDs
D.J. Moore,WR,ARI,0.5,Rush+Rec TDs
Justin Fields,QB,ARI,0.5,Rush+Rec TDs
Kyler Murray,QB,CHI,0.5,Rush+Rec TDs
Marquise Brown,WR,CHI,0.5,Rush+Rec TDs
Tyreek Hill,WR,DAL,0.5,Rush+Rec TDs
Jaylen Waddle,WR,DAL,0.5,Rush+Rec TDs
Jake Ferguson,TE,MIA,0.5,Rush+Rec TDs
Devon Achane,RB,DAL,0.5,Rush+Rec TDs
Brandin Cooks,WR,MIA,0.5,Rush+Rec TDs
Tony Pollard,RB,MIA,0.5,Rush+Rec TDs
Courtland Sutton,WR,NE,0.5,Rush+Rec TDs
Ezekiel Elliott,RB,DEN,0.5,Rush+Rec TDs
Javonte Williams,RB,NE,0.5,Rush+Rec TDs
Jerry Jeudy,WR,NE,0.5,Rush+Rec TDs
Davante Adams,WR,KC,0.5,Rush+Rec TDs
Jerick McKinnon,RB,LV,0.5,Rush+Rec TDs
Josh Jacobs,RB,KC,0.5,Rush+Rec TDs
Jakobi Meyers,WR,KC,0.5,Rush+Rec TDs
Rashee Rice,WR,LV,0.5,Rush+Rec TDs
Isiah Pacheco,RB,LV,0.5,Rush+Rec TDs
DeVonta Smith,WR,NYG,0.5,Rush+Rec TDs
Darren Waller,TE,PHI,0.5,Rush+Rec TDs
Dallas Goedert,TE,NYG,0.5,Rush+Rec TDs
D'Andre Swift,RB,NYG,0.5,Rush+Rec TDs
A.J. Brown,WR,NYG,0.5,Rush+Rec TDs
Saquon Barkley,RB,PHI,0.5,Rush+Rec TDs
Brandon Aiyuk,WR,BAL,0.5,Rush+Rec TDs
Deebo Samuel,WR,BAL,0.5,Rush+Rec TDs
George Kittle,TE,BAL,0.5,Rush+Rec TDs
Gus Edwards,RB,SF,0.5,Rush+Rec TDs
Isaiah Likely,TE,SF,0.5,Rush+Rec TDs
Lamar Jackson,QB,SF,0.5,Rush+Rec TDs
Odell Beckham Jr,WR,SF,0.5,Rush+Rec TDs
Zay Flowers,WR,SF,0.5,Rush+Rec TDs
Jaylen Warren,RB,CIN,69.5,Rush Yards
Joe Mixon,RB,PIT,69.5,Rush Yards
Najee Harris,RB,CIN,69.5,Rush Yards
Joe Mixon,RB,PIT,47.5,Rush Yards
Jake Browning,QB,PIT,8.5,Rush Yards
Chase Brown,RB,PIT,27.5,Rush Yards
Jaylen Warren,RB,CIN,43.5,Rush Yards
Najee Harris,RB,CIN,53.5,Rush Yards
Joe Mixon,RB,PIT,39.5,Rush Yards
Mason Rudolph,QB,CIN,6.5,Rush Yards
James Cook,RB,LAC,99.5,Rush Yards
Josh Allen,QB,LAC,29.5,Rush Yards
Easton Stick,QB,BUF,16.5,Rush Yards
Josh Allen,QB,LAC,49.5,Rush Yards
James Cook,RB,LAC,68.5,Rush Yards
Austin Ekeler,RB,BUF,37.5,Rush Yards
Josh Allen,QB,LAC,39.5,Rush Yards
Austin Ekeler,RB,BUF,49.5,Rush Yards
James Cook,RB,LAC,49.5,Rush Yards
Austin Ekeler,RB,BUF,24.5,Rush Yards
Bijan Robinson,RB,IND,89.5,Rush Yards
Taylor Heinicke,QB,IND,12.5,Rush Yards
Jonathan Taylor,RB,ATL,67.5,Rush Yards
Bijan Robinson,RB,IND,59.5,Rush Yards
Tyler Allgeier,RB,IND,33.5,Rush Yards
Tyler Allgeier,RB,IND,49.5,Rush Yards
Bijan Robinson,RB,IND,39.5,Rush Yards
Gardner Minshew,QB,ATL,4.5,Rush Yards
Jordan Love,QB,CAR,8.5,Rush Yards
Chuba Hubbard,RB,GB,99.5,Rush Yards
Bryce Young,QB,GB,13.5,Rush Yards
Chuba Hubbard,RB,GB,72.5,Rush Yards
Miles Sanders,RB,GB,19.5,Rush Yards
Chuba Hubbard,RB,GB,49.5,Rush Yards
Devin Singletary,RB,CLE,89.5,Rush Yards
Jerome Ford,RB,HOU,59.5,Rush Yards
Jerome Ford,RB,HOU,41.5,Rush Yards
Devin Singletary,RB,CLE,62.5,Rush Yards
Devin Singletary,RB,CLE,49.5,Rush Yards
David Montgomery,RB,MIN,52.5,Rush Yards
David Montgomery,RB,MIN,79.5,Rush Yards
Jahmyr Gibbs,RB,MIN,46.5,Rush Yards
Jahmyr Gibbs,RB,MIN,39.5,Rush Yards
David Montgomery,RB,MIN,39.5,Rush Yards
Nick Mullens,QB,DET,4.5,Rush Yards
Jared Goff,QB,MIN,0.5,Rush Yards
Sam Howell,QB,NYJ,14.5,Rush Yards
Breece Hall,RB,WAS,69.5,Rush Yards
Christopher Rodriguez Jr.,RB,NYJ,36.5,Rush Yards
Breece Hall,RB,WAS,46.5,Rush Yards
Antonio Gibson,RB,NYJ,24.5,Rush Yards
Kenneth Walker III,RB,TEN,63.5,Rush Yards
Derrick Henry,RB,SEA,65.5,Rush Yards
Tyjae Spears,RB,SEA,27.5,Rush Yards
Rachaad White,RB,JAC,58.5,Rush Yards
Rachaad White,RB,JAC,99.5,Rush Yards
Travis Etienne,RB,TB,79.5,Rush Yards
Rachaad White,RB,JAC,71.5,Rush Yards
Travis Etienne,RB,TB,55.5,Rush Yards
Travis Etienne,RB,TB,39.5,Rush Yards
Baker Mayfield,QB,JAC,7.5,Rush Yards
Kyler Murray,QB,CHI,31.5,Rush Yards
Justin Fields,QB,ARI,79.5,Rush Yards
Justin Fields,QB,ARI,56.5,Rush Yards
James Conner,RB,CHI,79.5,Rush Yards
D'Onta Foreman,RB,ARI,59.5,Rush Yards
James Conner,RB,CHI,50.5,Rush Yards
D'Onta Foreman,RB,ARI,39.5,Rush Yards
Kyler Murray,QB,CHI,49.5,Rush Yards
James Conner,RB,CHI,39.5,Rush Yards
Justin Fields,QB,ARI,39.5,Rush Yards
Kyler Murray,QB,CHI,24.5,Rush Yards
Dak Prescott,QB,MIA,13.5,Rush Yards
Tony Pollard,RB,MIA,79.5,Rush Yards
Raheem Mostert,RB,DAL,79.5,Rush Yards
Devon Achane,RB,DAL,69.5,Rush Yards
Tony Pollard,RB,MIA,53.5,Rush Yards
Raheem Mostert,RB,DAL,59.5,Rush Yards
Devon Achane,RB,DAL,47.5,Rush Yards
Rico Dowdle,RB,MIA,17.5,Rush Yards
Tony Pollard,RB,MIA,39.5,Rush Yards
Raheem Mostert,RB,DAL,39.5,Rush Yards
Tua Tagovailoa,QB,DAL,4.5,Rush Yards
Javonte Williams,RB,NE,79.5,Rush Yards
Javonte Williams,RB,NE,55.5,Rush Yards
Russell Wilson,QB,NE,21.5,Rush Yards
Javonte Williams,RB,NE,39.5,Rush Yards
Bailey Zappe,QB,DEN,5.5,Rush Yards
Isiah Pacheco,RB,LV,89.5,Rush Yards
Isiah Pacheco,RB,LV,79.5,Rush Yards
Patrick Mahomes,QB,LV,18.5,Rush Yards
Isiah Pacheco,RB,LV,64.5,Rush Yards
Isiah Pacheco,RB,LV,49.5,Rush Yards
Aidan O'Connell,QB,KC,1.5,Rush Yards
Tommy DeVito,QB,PHI,27.5,Rush Yards
Saquon Barkley,RB,PHI,79.5,Rush Yards
Jalen Hurts,QB,NYG,40.5,Rush Yards
D'Andre Swift,RB,NYG,66.5,Rush Yards
D'Andre Swift,RB,NYG,89.5,Rush Yards
Jalen Hurts,QB,NYG,59.5,Rush Yards
Saquon Barkley,RB,PHI,54.5,Rush Yards
Kenny Gainwell,RB,NYG,20.5,Rush Yards
Tommy DeVito,QB,PHI,39.5,Rush Yards
D'Andre Swift,RB,NYG,49.5,Rush Yards
Lamar Jackson,QB,SF,59.5,Rush Yards
Christian McCaffrey,RB,BAL,99.5,Rush Yards
Lamar Jackson,QB,SF,79.5,Rush Yards
Christian McCaffrey,RB,BAL,59.5,Rush Yards
Christian McCaffrey,RB,BAL,88.5,Rush Yards
Gus Edwards,RB,SF,59.5,Rush Yards
Gus Edwards,RB,SF,39.5,Rush Yards
Lamar Jackson,QB,SF,39.5,Rush Yards
Brock Purdy,QB,BAL,6.5,Rush Yards
Jake Browning,QB,PIT,16,Fantasy Score
Mason Rudolph,QB,CIN,12,Fantasy Score
Joe Mixon,RB,PIT,13,Fantasy Score
Jaylen Warren,RB,CIN,12,Fantasy Score
Chase Brown,RB,PIT,8,Fantasy Score
Najee Harris,RB,CIN,9.5,Fantasy Score
Tee Higgins,WR,PIT,12,Fantasy Score
Diontae Johnson,WR,CIN,10,Fantasy Score
Tyler Boyd,WR,PIT,8,Fantasy Score
George Pickens,WR,CIN,9,Fantasy Score
Tanner Hudson,TE,PIT,7,Fantasy Score
Pat Freiermuth,TE,CIN,7,Fantasy Score
Allen Robinson,WR,CIN,3.5,Fantasy Score
Evan McPherson, K,PIT,8.5,Fantasy Score
Chris Boswell, K,CIN,7.5,Fantasy Score
Josh Allen,QB,LAC,22,Fantasy Score
Easton Stick,QB,BUF,14,Fantasy Score
James Cook,RB,LAC,15.5,Fantasy Score
Austin Ekeler,RB,BUF,13,Fantasy Score
Stefon Diggs,WR,LAC,15.5,Fantasy Score
Josh Palmer,WR,BUF,9,Fantasy Score
Gabriel Davis,WR,LAC,7,Fantasy Score
Quentin Johnston,WR,BUF,7,Fantasy Score
Dalton Kincaid,TE,LAC,8,Fantasy Score
Cameron Dicker, P,BUF,6.5,Fantasy Score
Tyler Bass, K,LAC,7.5,Fantasy Score
Mason Rudolph,QB,CIN,1.5,Pass TDs
Jake Browning,QB,PIT,1.5,Pass TDs
Easton Stick,QB,BUF,1.5,Pass TDs
Josh Allen,QB,LAC,1.5,Pass TDs
Josh Allen,QB,LAC,2.5,Pass TDs
Bryce Young,QB,GB,1.5,Pass TDs
Jordan Love,QB,CAR,1.5,Pass TDs
Jordan Love,QB,CAR,2.5,Pass TDs
Jared Goff,QB,MIN,1.5,Pass TDs
Jared Goff,QB,MIN,2.5,Pass TDs
Nick Mullens,QB,DET,1.5,Pass TDs
Joe Flacco,QB,HOU,1.5,Pass TDs
Gardner Minshew,QB,ATL,1.5,Pass TDs
Baker Mayfield,QB,JAC,1.5,Pass TDs
Dak Prescott,QB,MIA,1.5,Pass TDs
Dak Prescott,QB,MIA,2.5,Pass TDs
Tua Tagovailoa,QB,DAL,1.5,Pass TDs
Bailey Zappe,QB,DEN,1.5,Pass TDs
Russell Wilson,QB,NE,1.5,Pass TDs
Jalen Hurts,QB,NYG,1.5,Pass TDs
Tommy DeVito,QB,PHI,1.5,Pass TDs
Patrick Mahomes,QB,LV,1.5,Pass TDs
Brock Purdy,QB,BAL,1.5,Pass TDs
Lamar Jackson,QB,SF,1.5,Pass TDs
Evan McPherson, K,PIT,2.5,FG Made
Evan McPherson, K,PIT,1.5,FG Made
Chris Boswell, K,CIN,2.5,FG Made
Tyler Bass, K,LAC,2.5,FG Made
Chris Boswell, K,CIN,1.5,FG Made
Cameron Dicker, P,BUF,1.5,FG Made
Tyler Bass, K,LAC,1.5,FG Made
Cameron Dicker, P,BUF,0.5,FG Made
Greg Zuerlein, K,WAS,2.5,FG Made
Joey Slye, K,NYJ,2.5,FG Made
Joey Slye, K,NYJ,1.5,FG Made
Greg Zuerlein, K,WAS,1.5,FG Made
Anders Carlson, K,CAR,1.5,FG Made
Eddy Pineiro, K,GB,1.5,FG Made
Greg Joseph, K,DET,1.5,FG Made
Greg Joseph, K,DET,2.5,FG Made
Jason Myers, K,TEN,1.5,FG Made
Jason Myers, K,TEN,2.5,FG Made
Dustin Hopkins, K,HOU,1.5,FG Made
Dustin Hopkins, K,HOU,2.5,FG Made
Matt Gay, K,ATL,1.5,FG Made
Kaimi Fairbairn, K,CLE,2.5,FG Made
Jason Sanders, K,DAL,0.5,FG Made
Younghoe Koo, K,IND,1.5,FG Made
Cairo Santos, K,ARI,2.5,FG Made
Younghoe Koo, K,IND,2.5,FG Made
Matt Prater, K,CHI,1.5,FG Made
Chase McLaughlin, K,JAC,1.5,FG Made
Chase McLaughlin, K,JAC,2.5,FG Made
Brandon Aubrey, K,MIA,1.5,FG Made
Brandon Aubrey, K,MIA,2.5,FG Made
Jason Sanders, K,DAL,1.5,FG Made
Matt Prater, K,CHI,0.5,FG Made
Wil Lutz, K,NE,2.5,FG Made
Chad Ryland, K,DEN,1.5,FG Made
Wil Lutz, K,NE,1.5,FG Made
Chad Ryland, K,DEN,0.5,FG Made
Harrison Butker, K,LV,1.5,FG Made
Jake Elliott, K,NYG,1.5,FG Made
Jake Moody, K,BAL,1.5,FG Made
Justin Tucker, K,SF,1.5,FG Made
Harrison Butker, K,LV,1.5,FG Made
Pressley Harvin III, P,CIN,2,Punts Inside 20
Brad Robbins, P,PIT,1.5,Punts Inside 20
JK Scott, P,BUF,2,Punts Inside 20
Sam Martin, P,LAC,1,Punts Inside 20
Joe Mixon,RB,PIT,70.5,Rush+Rec Yds
Chase Brown,RB,PIT,49.5,Rush+Rec Yds
Jaylen Warren,RB,CIN,68.5,Rush+Rec Yds
Najee Harris,RB,CIN,66.5,Rush+Rec Yds
James Cook,RB,LAC,97.5,Rush+Rec Yds
Austin Ekeler,RB,BUF,70.5,Rush+Rec Yds
Bijan Robinson,RB,IND,86.5,Rush+Rec Yds
Tyler Allgeier,RB,IND,38.5,Rush+Rec Yds
Chuba Hubbard,RB,GB,87.5,Rush+Rec Yds
Jerome Ford,RB,HOU,62.5,Rush+Rec Yds
Devin Singletary,RB,CLE,81.5,Rush+Rec Yds
David Montgomery,RB,MIN,63.5,Rush+Rec Yds
Jahmyr Gibbs,RB,MIN,73.5,Rush+Rec Yds
Breece Hall,RB,WAS,78.5,Rush+Rec Yds
Derrick Henry,RB,SEA,77.5,Rush+Rec Yds
Tyjae Spears,RB,SEA,45.5,Rush+Rec Yds
Rachaad White,RB,JAC,102.5,Rush+Rec Yds
Travis Etienne,RB,TB,86.5,Rush+Rec Yds
James Conner,RB,CHI,61.5,Rush+Rec Yds
D'Onta Foreman,RB,ARI,47.5,Rush+Rec Yds
Tony Pollard,RB,MIA,77.5,Rush+Rec Yds
Rico Dowdle,RB,MIA,24.5,Rush+Rec Yds
Javonte Williams,RB,NE,77.5,Rush+Rec Yds
Samaje Perine,RB,NE,22.5,Rush+Rec Yds
D'Andre Swift,RB,NYG,84.5,Rush+Rec Yds
Saquon Barkley,RB,PHI,79.5,Rush+Rec Yds
Kenny Gainwell,RB,NYG,32.5,Rush+Rec Yds
Christian McCaffrey,RB,BAL,120.5,Rush+Rec Yds
Gus Edwards,RB,SF,46.5,Rush+Rec Yds
Joe Mixon,RB,PIT,3,Receptions
Jaylen Warren,RB,CIN,3,Receptions
Tyler Boyd,WR,PIT,3.5,Receptions
Najee Harris,RB,CIN,1.5,Receptions
Diontae Johnson,WR,CIN,4,Receptions
Allen Robinson,WR,CIN,1.5,Receptions
Austin Ekeler,RB,BUF,4,Receptions
Gabriel Davis,WR,LAC,2.5,Receptions
Stefon Diggs,WR,LAC,6,Receptions
Josh Palmer,WR,BUF,3.5,Receptions
Jalen Guyton,WR,BUF,1.5,Receptions
Tyler Allgeier,RB,IND,0.5,Receptions
Adam Thielen,WR,GB,4.5,Receptions
Amon-Ra St. Brown,WR,MIN,7,Receptions
Justin Jefferson,WR,DET,6.5,Receptions
Sam LaPorta,TE,MIN,4.5,Receptions
Jordan Addison,WR,DET,4,Receptions
Josh Reynolds,WR,MIN,1.5,Receptions
T.J. Hockenson,TE,DET,5.5,Receptions
Jahan Dotson,WR,NYJ,2.5,Receptions
Derrick Henry,RB,SEA,1.5,Receptions
Chris Moore,WR,SEA,1.5,Receptions
Mike Evans,WR,JAC,4.5,Receptions
Chris Godwin,WR,JAC,5.5,Receptions
Cade Otton,TE,JAC,2.5,Receptions
CeeDee Lamb,WR,MIA,7.5,Receptions
Javonte Williams,RB,NE,2.5,Receptions
Marvin Mims Jr.,WR,NE,1.5,Receptions
Justin Watson,WR,LV,1.5,Receptions
Darius Slayton,WR,PHI,2.5,Receptions
DeVonta Smith,WR,NYG,4.5,Receptions
Darren Waller,TE,PHI,3.5,Receptions
Josh Allen,QB,LAC,2.5,Pass+Rush+Rec TDs
Jalen Hurts,QB,NYG,2.5,Pass+Rush+Rec TDs
Lamar Jackson,QB,SF,1.5,Pass+Rush+Rec TDs
Najee Harris + Diontae Johnson,WR,CIN,0.5,Rush+Rec TDs (Combo)
Jaylen Warren + Tee Higgins,WR,PIT,0.5,Rush+Rec TDs (Combo)
Austin Ekeler + Gabriel Davis,WR,LAC,0.5,Rush+Rec TDs (Combo)
Stefon Diggs + Josh Palmer,WR,BUF,0.5,Rush+Rec TDs (Combo)
Michael Pittman Jr. + Drake London,WR,IND,0.5,Rush+Rec TDs (Combo)
Adam Thielen + Chuba Hubbard,RB,GB,0.5,Rush+Rec TDs (Combo)
Amari Cooper + Jerome Ford,RB,HOU,0.5,Rush+Rec TDs (Combo)
Devin Singletary + Elijah Moore,WR,HOU,0.5,Rush+Rec TDs (Combo)
Sam LaPorta + T.J. Hockenson,TE,DET,0.5,Rush+Rec TDs (Combo)
Amon-Ra St. Brown + Jameson Williams,WR,MIN,0.5,Rush+Rec TDs (Combo)
Breece Hall + Terry McLaurin,WR,NYJ,0.5,Rush+Rec TDs (Combo)
Jake Browning,QB,PIT,31.5,Pass Attempts
Mason Rudolph,QB,CIN,29.5,Pass Attempts
Josh Allen,QB,LAC,31.5,Pass Attempts
Easton Stick,QB,BUF,32.5,Pass Attempts
Jordan Love,QB,CAR,32.5,Pass Attempts
Bryce Young,QB,GB,28.5,Pass Attempts
Jared Goff,QB,MIN,33.5,Pass Attempts
Nick Mullens,QB,DET,35,Pass Attempts
Sam Howell,QB,NYJ,34.5,Pass Attempts
Baker Mayfield,QB,JAC,31.5,Pass Attempts
Kyler Murray,QB,CHI,31.5,Pass Attempts
Justin Fields,QB,ARI,27.5,Pass Attempts
Dak Prescott,QB,MIA,36.5,Pass Attempts
Tua Tagovailoa,QB,DAL,33.5,Pass Attempts
Bailey Zappe,QB,DEN,29,Pass Attempts
Russell Wilson,QB,NE,27.5,Pass Attempts
Patrick Mahomes,QB,LV,35.5,Pass Attempts
Lamar Jackson,QB,SF,29.5,Pass Attempts
Brock Purdy,QB,BAL,30.5,Pass Attempts
T.J. Watt,LB,CIN,0.75,Sacks
Micah Parsons,LB,MIA,0.75,Sacks
Alex Highsmith,LB,CIN,0.25,Sacks
Cameron Heyward,DT,CIN,0.25,Sacks
Danielle Hunter,LB,DET,0.75,Sacks
Sam Hubbard,DE,PIT,0.25,Sacks
Ed Oliver,DT,LAC,0.25,Sacks
Daron Payne,DT,NYJ,0.25,Sacks
Kayvon Thibodeaux,LB,PHI,0.25,Sacks
Trey Hendrickson,DE,PIT,0.25,Sacks
Gregory Rousseau,DE,LAC,0.25,Sacks
Khalil Mack,LB,BUF,0.25,Sacks
Jonathan Allen,DT,NYJ,0.25,Sacks
Leonard Floyd,LB,LAC,0.25,Sacks
Quinnen Williams,NT,WAS,0.25,Sacks
Aidan Hutchinson,DE,MIN,0.25,Sacks
DeForest Buckner,DT,ATL,0.25,Sacks
Bradley Chubb,LB,DAL,0.25,Sacks
DeMarcus Lawrence,DE,MIA,0.25,Sacks
Baron Browning,LB,NE,0.25,Sacks
Deatrich Wise Jr.,DE,DEN,0.25,Sacks
Jonathon Cooper,LB,NE,0.25,Sacks
Zach Allen,LB,NE,0.25,Sacks
Fletcher Cox,DT,NYG,0.25,Sacks
Jalen Carter,DT,NYG,0.25,Sacks
Josh Sweat,DE,NYG,0.5,Sacks
Shaquil Barrett,LB,JAC,0.25,Sacks
Vita Vea,NT,JAC,0.25,Sacks
Montez Sweat,DE,ARI,0.75,Sacks
Jake Browning,QB,PIT,21.5,Pass Completions
Mason Rudolph,QB,CIN,17.5,Pass Completions
Josh Allen,QB,LAC,22.5,Pass Completions
Easton Stick,QB,BUF,20.5,Pass Completions
Jordan Love,QB,CAR,21.5,Pass Completions
Bryce Young,QB,GB,17.5,Pass Completions
Jared Goff,QB,MIN,22.5,Pass Completions
Nick Mullens,QB,DET,23.5,Pass Completions
Sam Howell,QB,NYJ,21,Pass Completions
Baker Mayfield,QB,JAC,21,Pass Completions
Kyler Murray,QB,CHI,20.5,Pass Completions
Justin Fields,QB,ARI,18.5,Pass Completions
Dak Prescott,QB,MIA,24.5,Pass Completions
Tua Tagovailoa,QB,DAL,22.5,Pass Completions
Bailey Zappe,QB,DEN,19,Pass Completions
Russell Wilson,QB,NE,18.5,Pass Completions
Patrick Mahomes,QB,LV,25.5,Pass Completions
Lamar Jackson,QB,SF,19.5,Pass Completions
Brock Purdy,QB,BAL,20.5,Pass Completions
Jake Browning,QB,PIT,0.5,INT
Mason Rudolph,QB,CIN,0.5,INT
Jake Browning,QB,PIT,1.5,INT
Mason Rudolph,QB,CIN,1.5,INT
Easton Stick,QB,BUF,0.5,INT
Josh Allen,QB,LAC,0.5,INT
Easton Stick,QB,BUF,1.5,INT
Sam Howell,QB,NYJ,0.5,INT
Sam Howell,QB,NYJ,1.5,INT
Jordan Love,QB,CAR,0.5,INT
Bryce Young,QB,GB,0.5,INT
Jordan Love,QB,CAR,1.5,INT
Jared Goff,QB,MIN,0.5,INT
Joe Flacco,QB,HOU,0.5,INT
Gardner Minshew,QB,ATL,0.5,INT
Baker Mayfield,QB,JAC,0.5,INT
Dak Prescott,QB,MIA,0.5,INT
Kyler Murray,QB,CHI,0.5,INT
Tua Tagovailoa,QB,DAL,0.5,INT
Kyler Murray,QB,CHI,1.5,INT
Bailey Zappe,QB,DEN,0.5,INT
Russell Wilson,QB,NE,0.5,INT
Aidan O'Connell,QB,KC,0.5,INT
Patrick Mahomes,QB,LV,0.5,INT
Jalen Hurts,QB,NYG,0.5,INT
Tommy DeVito,QB,PHI,0.5,INT
Brock Purdy,QB,BAL,0.5,INT
Lamar Jackson,QB,SF,0.5,INT
Jake Browning,QB,PIT,251.5,Pass+Rush Yds
Mason Rudolph,QB,CIN,197.5,Pass+Rush Yds
Josh Allen,QB,LAC,277.5,Pass+Rush Yds
Easton Stick,QB,BUF,228.5,Pass+Rush Yds
Gardner Minshew,QB,ATL,229.5,Pass+Rush Yds
Taylor Heinicke,QB,IND,226.5,Pass+Rush Yds
Jordan Love,QB,CAR,237.5,Pass+Rush Yds
Bryce Young,QB,GB,191.5,Pass+Rush Yds
Joe Flacco,QB,HOU,253.5,Pass+Rush Yds
Jared Goff,QB,MIN,260.5,Pass+Rush Yds
Nick Mullens,QB,DET,266.5,Pass+Rush Yds
Sam Howell,QB,NYJ,224.5,Pass+Rush Yds
Baker Mayfield,QB,JAC,245.5,Pass+Rush Yds
Kyler Murray,QB,CHI,245.5,Pass+Rush Yds
Justin Fields,QB,ARI,263.5,Pass+Rush Yds
Dak Prescott,QB,MIA,291.5,Pass+Rush Yds
Tua Tagovailoa,QB,DAL,276.5,Pass+Rush Yds
Bailey Zappe,QB,DEN,196.5,Pass+Rush Yds
Russell Wilson,QB,NE,234.5,Pass+Rush Yds
Aidan O'Connell,QB,KC,215.5,Pass+Rush Yds
Patrick Mahomes,QB,LV,290.5,Pass+Rush Yds
Tommy DeVito,QB,PHI,216.5,Pass+Rush Yds
Jalen Hurts,QB,NYG,274.5,Pass+Rush Yds
Lamar Jackson,QB,SF,284.5,Pass+Rush Yds
Brock Purdy,QB,BAL,258.5,Pass+Rush Yds
Joe Mixon,RB,PIT,12.5,Rush Attempts
Jaylen Warren,RB,CIN,9.5,Rush Attempts
Najee Harris,RB,CIN,13.5,Rush Attempts
James Cook,RB,LAC,15,Rush Attempts
Austin Ekeler,RB,BUF,10,Rush Attempts
Bijan Robinson,RB,IND,14,Rush Attempts
Tyler Allgeier,RB,IND,8.5,Rush Attempts
Chuba Hubbard,RB,GB,17,Rush Attempts
David Montgomery,RB,MIN,13.5,Rush Attempts
Jahmyr Gibbs,RB,MIN,9.5,Rush Attempts
Breece Hall,RB,WAS,12.5,Rush Attempts
Derrick Henry,RB,SEA,16.5,Rush Attempts
Tyjae Spears,RB,SEA,6.5,Rush Attempts
Rachaad White,RB,JAC,18.5,Rush Attempts
Kyler Murray,QB,CHI,5.5,Rush Attempts
Justin Fields,QB,ARI,9.5,Rush Attempts
James Conner,RB,CHI,13.5,Rush Attempts
Dak Prescott,QB,MIA,3.5,Rush Attempts
Tony Pollard,RB,MIA,13.5,Rush Attempts
Russell Wilson,QB,NE,6.5,Rush Attempts
Javonte Williams,RB,NE,15.5,Rush Attempts
D'Andre Swift,RB,NYG,14.5,Rush Attempts
Saquon Barkley,RB,PHI,14.5,Rush Attempts
Brock Purdy,QB,BAL,2.5,Rush Attempts
Christian McCaffrey,RB,BAL,18.5,Rush Attempts
Jason Myers, K,TEN,7,Kicking Points
Evan McPherson, K,PIT,7,Kicking Points
Tyler Bass, K,LAC,7.5,Kicking Points
Matt Gay, K,ATL,7,Kicking Points
Eddy Pineiro, K,GB,5.5,Kicking Points
Michael Badgley, K,MIN,7.5,Kicking Points
Greg Joseph, K,DET,6.5,Kicking Points
Greg Zuerlein, K,WAS,6.5,Kicking Points
Chase McLaughlin, K,JAC,6.5,Kicking Points
Cairo Santos, K,ARI,6.5,Kicking Points
Brandon Aubrey, K,MIA,7.5,Kicking Points
Jason Sanders, K,DAL,7,Kicking Points
Chad Ryland, K,DEN,4.5,Kicking Points
Wil Lutz, K,NE,6.5,Kicking Points
Harrison Butker, K,LV,7.5,Kicking Points
Cade York, K,PHI,4.5,Kicking Points
Jake Elliott, K,NYG,7.5,Kicking Points
Justin Tucker, K,SF,6.5,Kicking Points
Jake Moody, K,BAL,7.5,Kicking Points
Tee Higgins,WR,PIT,8,Rec Targets
Stefon Diggs,WR,LAC,9.5,Rec Targets
Tyler Boyd,WR,PIT,5,Rec Targets
Gabriel Davis,WR,LAC,4.5,Rec Targets
George Pickens,WR,CIN,6,Rec Targets
Josh Palmer,WR,BUF,5.5,Rec Targets
Diontae Johnson,WR,CIN,7,Rec Targets
Gerald Everett,TE,BUF,5,Rec Targets
Austin Ekeler,RB,BUF,5.5,Rec Targets
Josh Allen + Easton Stick,QB,BUF,450.5,Pass Yards (Combo)
Jake Browning + Mason Rudolph,QB,CIN,428.5,Pass Yards (Combo)
Joe Mixon + Jaylen Warren,RB,CIN,91.5,Rush Yards (Combo)
James Cook + Austin Ekeler,RB,BUF,107.5,Rush Yards (Combo)
Stefon Diggs + Michael Pittman Jr.,WR,ATL,143.5,Receiving Yards (Combo)
Diontae Johnson + Tee Higgins,WR,PIT,103.5,Receiving Yards (Combo)
James Cook + Bijan Robinson,RB,IND,184.5,Rush+Rec Yds (Combo)
Jake Browning,QB,PIT,68.7,Completion Percentage
Mason Rudolph,QB,CIN,60,Completion Percentage
Josh Allen,QB,LAC,71.6,Completion Percentage
Easton Stick,QB,BUF,63.6,Completion Percentage
T.J. Watt,LB,CIN,4.5,Tackles+Ast
Germaine Pratt,LB,PIT,8,Tackles+Ast
Chidobe Awuzie,CB,PIT,3.5,Tackles+Ast
DJ Turner II,CB,PIT,3.5,Tackles+Ast
Daxton Hill,FS,PIT,5.5,Tackles+Ast
Elandon Roberts,LB,CIN,8,Tackles+Ast
Logan Wilson,LB,PIT,7.5,Tackles+Ast
Jordan Battle,SS,PIT,5.5,Tackles+Ast
Alohi Gilman,SS,BUF,6,Tackles+Ast
Derwin James,FS,BUF,8,Tackles+Ast
Taylor Rapp,FS,LAC,5.5,Tackles+Ast
Eric Kendricks,LB,BUF,8,Tackles+Ast
Rasul Douglas,CB,LAC,3.5,Tackles+Ast
Kenny Moore II,CB,ATL,4.5,Tackles+Ast
Alex Anzalone,LB,MIN,9,Tackles+Ast
Jack Campbell,LB,MIN,6.5,Tackles+Ast
Josh Metellus,SS,DET,6,Tackles+Ast
John Cominsky,DT,MIN,2.5,Tackles+Ast
Harrison Smith,SS,DET,5,Tackles+Ast
Ahmad Gardner,CB,WAS,3.5,Tackles+Ast
Jordyn Brooks,LB,TEN,7,Tackles+Ast
Bobby Wagner,LB,TEN,9.5,Tackles+Ast
Jaquan Brisker,SS,ARI,6.5,Tackles+Ast
Jaylon Johnson,CB,ARI,2.5,Tackles+Ast
T.J. Edwards,LB,ARI,8.5,Tackles+Ast
Jalen Thompson,FS,CHI,6,Tackles+Ast
Tremaine Edmunds,LB,ARI,7.5,Tackles+Ast
Budda Baker,SS,CHI,6.5,Tackles+Ast
Damone Clark,LB,MIA,7.5,Tackles+Ast
Markquese Bell,FS,MIA,6.5,Tackles+Ast
Micah Parsons,LB,MIA,3.5,Tackles+Ast
Stephon Gilmore,CB,MIA,3.5,Tackles+Ast
DeShon Elliott,SS,DAL,4.5,Tackles+Ast
Ja'Whaun Bentley,LB,DEN,7.5,Tackles+Ast
Jahlani Tavai,LB,DEN,6.5,Tackles+Ast
Kyle Dugger,FS,DEN,5.5,Tackles+Ast
Bobby Okereke,LB,PHI,8.5,Tackles+Ast
Kayvon Thibodeaux,LB,PHI,3.5,Tackles+Ast
Xavier McKinney,FS,PHI,6.5,Tackles+Ast
Kyle Hamilton,SS,SF,6,Tackles+Ast
Roquan Smith,LB,SF,9,Tackles+Ast
Tee Higgins,WR,PIT,22.5,Receiving Yards in First 2 Receptions
Diontae Johnson,WR,CIN,17.5,Receiving Yards in First 2 Receptions
Stefon Diggs,WR,LAC,23.5,Receiving Yards in First 2 Receptions
Josh Palmer,WR,BUF,21.5,Receiving Yards in First 2 Receptions
Michael Pittman Jr.,WR,ATL,18.5,Receiving Yards in First 2 Receptions
Drake London,WR,IND,20.5,Receiving Yards in First 2 Receptions
Garrett Wilson,WR,WAS,22.5,Receiving Yards in First 2 Receptions
Terry McLaurin,WR,NYJ,22.5,Receiving Yards in First 2 Receptions
Amon-Ra St. Brown,WR,MIN,21.5,Receiving Yards in First 2 Receptions
Justin Jefferson,WR,DET,25.5,Receiving Yards in First 2 Receptions
Sam LaPorta,TE,MIN,17.5,Receiving Yards in First 2 Receptions
T.J. Hockenson,TE,DET,17.5,Receiving Yards in First 2 Receptions
D.K. Metcalf,WR,TEN,23.5,Receiving Yards in First 2 Receptions
DeAndre Hopkins,WR,SEA,18.5,Receiving Yards in First 2 Receptions
Tyler Lockett,WR,TEN,22.5,Receiving Yards in First 2 Receptions
Amari Cooper,WR,HOU,22.5,Receiving Yards in First 2 Receptions
Nico Collins,WR,CLE,22.5,Receiving Yards in First 2 Receptions
David Njoku,TE,HOU,17.5,Receiving Yards in First 2 Receptions
Calvin Ridley,WR,TB,23.5,Receiving Yards in First 2 Receptions
Mike Evans,WR,JAC,23.5,Receiving Yards in First 2 Receptions
Evan Engram,TE,TB,17.5,Receiving Yards in First 2 Receptions
Chris Godwin,WR,JAC,18.5,Receiving Yards in First 2 Receptions
Trey McBride,TE,CHI,18.5,Receiving Yards in First 2 Receptions
Cole Kmet,TE,ARI,16.5,Receiving Yards in First 2 Receptions
CeeDee Lamb,WR,MIA,22.5,Receiving Yards in First 2 Receptions
Courtland Sutton,WR,NE,22.5,Receiving Yards in First 2 Receptions
Hunter Henry,TE,DEN,19.5,Receiving Yards in First 2 Receptions
Jerry Jeudy,WR,NE,22.5,Receiving Yards in First 2 Receptions
Demario Douglas,WR,DEN,19.5,Receiving Yards in First 2 Receptions
Davante Adams,WR,KC,23.5,Receiving Yards in First 2 Receptions
Travis Kelce,TE,LV,22.5,Receiving Yards in First 2 Receptions
Jakobi Meyers,WR,KC,19.5,Receiving Yards in First 2 Receptions
Rashee Rice,WR,LV,21.5,Receiving Yards in First 2 Receptions
A.J. Brown,WR,NYG,25.5,Receiving Yards in First 2 Receptions
Darren Waller,TE,PHI,19.5,Receiving Yards in First 2 Receptions
DeVonta Smith,WR,NYG,23.5,Receiving Yards in First 2 Receptions
Zay Flowers,WR,SF,19.5,Receiving Yards in First 2 Receptions
Deebo Samuel,WR,BAL,20.5,Receiving Yards in First 2 Receptions
George Kittle,TE,BAL,21.5,Receiving Yards in First 2 Receptions
Brandon Aiyuk,WR,BAL,24.5,Receiving Yards in First 2 Receptions
Najee Harris,RB,CIN,16.5,Rush Yards in First 5 Attempts
Joe Mixon,RB,PIT,17.5,Rush Yards in First 5 Attempts
Jaylen Warren,RB,CIN,18.5,Rush Yards in First 5 Attempts
Austin Ekeler,RB,BUF,17.5,Rush Yards in First 5 Attempts
James Cook,RB,LAC,20.5,Rush Yards in First 5 Attempts
Jonathan Taylor,RB,ATL,19.5,Rush Yards in First 5 Attempts
Bijan Robinson,RB,IND,20.5,Rush Yards in First 5 Attempts
Breece Hall,RB,WAS,19.5,Rush Yards in First 5 Attempts
David Montgomery,RB,MIN,17.5,Rush Yards in First 5 Attempts
Ty Chandler,RB,DET,18.5,Rush Yards in First 5 Attempts
Jahmyr Gibbs,RB,MIN,19.5,Rush Yards in First 5 Attempts
Kenneth Walker III,RB,TEN,18.5,Rush Yards in First 5 Attempts
Derrick Henry,RB,SEA,17.5,Rush Yards in First 5 Attempts
Devin Singletary,RB,CLE,17.5,Rush Yards in First 5 Attempts
Jerome Ford,RB,HOU,17.5,Rush Yards in First 5 Attempts
Aaron Jones,RB,CAR,21.5,Rush Yards in First 5 Attempts
Chuba Hubbard,RB,GB,18.5,Rush Yards in First 5 Attempts
Travis Etienne,RB,TB,18.5,Rush Yards in First 5 Attempts
Rachaad White,RB,JAC,18.5,Rush Yards in First 5 Attempts
D'Onta Foreman,RB,ARI,18.5,Rush Yards in First 5 Attempts
James Conner,RB,CHI,17.5,Rush Yards in First 5 Attempts
Devon Achane,RB,DAL,22.5,Rush Yards in First 5 Attempts
Tony Pollard,RB,MIA,19.5,Rush Yards in First 5 Attempts
Raheem Mostert,RB,DAL,20.5,Rush Yards in First 5 Attempts
Ezekiel Elliott,RB,DEN,17.5,Rush Yards in First 5 Attempts
Javonte Williams,RB,NE,17.5,Rush Yards in First 5 Attempts
Isiah Pacheco,RB,LV,21.5,Rush Yards in First 5 Attempts
Saquon Barkley,RB,PHI,19.5,Rush Yards in First 5 Attempts
D'Andre Swift,RB,NYG,21.5,Rush Yards in First 5 Attempts
Christian McCaffrey,RB,BAL,20.5,Rush Yards in First 5 Attempts
Gus Edwards,RB,SF,19.5,Rush Yards in First 5 Attempts