Player,Stat,Threshold,Percentage
Dak Prescott,Pass Yards,324.5,20.0
Jared Goff,Pass Yards,263.5,46.666666666666664
Jared Goff,Pass Yards,299.5,26.666666666666668
Dak Prescott,Pass Yards,285.5,33.33333333333333
Dak Prescott,Pass Yards,249.5,66.66666666666666
Jared Goff,Pass Yards,224.5,80.0
Bailey Zappe,Pass Yards,204.5,25.0
Lamar Jackson,Pass Yards,274.5,13.333333333333334
Tua Tagovailoa,Pass Yards,299.5,33.33333333333333
Josh Allen,Pass Yards,240.5,53.333333333333336
Tua Tagovailoa,Pass Yards,224.5,80.0
Lamar Jackson,Pass Yards,199.5,60.0
Bailey Zappe,Pass Yards,249.5,12.5
Josh Allen,Pass Yards,274.5,33.33333333333333
Taylor Heinicke,Pass Yards,201.5,50.0
Bailey Zappe,Pass Yards,199.5,25.0
Josh Allen,Pass Yards,199.5,80.0
Justin Fields,Pass Yards,189.5,54.54545454545454
Justin Fields,Pass Yards,224.5,18.181818181818183
Taylor Heinicke,Pass Yards,224.5,50.0
Taylor Heinicke,Pass Yards,174.5,75.0
Matthew Stafford,Pass Yards,257.5,57.14285714285714
C.J. Stroud,Pass Yards,299.5,46.15384615384615
Will Levis,Pass Yards,249.5,25.0
Tyrod Taylor,Pass Yards,202.5,11.11111111111111
C.J. Stroud,Pass Yards,224.5,76.92307692307693
Will Levis,Pass Yards,199.5,50.0
Gardner Minshew,Pass Yards,274.5,20.0
Kyler Murray,Pass Yards,223.5,50.0
Aidan O'Connell,Pass Yards,249.5,11.11111111111111
Gardner Minshew,Pass Yards,199.5,60.0
Jalen Hurts,Pass Yards,249.5,53.333333333333336
Aidan O'Connell,Pass Yards,174.5,55.55555555555556
Derek Carr,Pass Yards,244.5,40.0
Bryce Young,Pass Yards,224.5,21.428571428571427
Baker Mayfield,Pass Yards,236.5,60.0
Bryce Young,Pass Yards,149.5,78.57142857142857
Brock Purdy,Pass Yards,267.5,53.333333333333336
Jacoby Brissett,Pass Yards,230.5,0.0
Bryce Young,Pass Yards,173.5,57.14285714285714
C.J. Beathard,Pass Yards,224.5,0.0
Tua Tagovailoa,Pass Yards,245.5,66.66666666666666
Lamar Jackson,Pass Yards,231.5,40.0
Will Levis,Pass Yards,217.5,50.0
C.J. Stroud,Pass Yards,259.5,61.53846153846154
Mason Rudolph,Pass Yards,206.5,50.0
Geno Smith,Pass Yards,249.5,46.15384615384615
Easton Stick,Pass Yards,210.5,66.66666666666666
Jake Browning,Pass Yards,235.5,57.14285714285714
Patrick Mahomes,Pass Yards,271.5,46.666666666666664
Jordan Love,Pass Yards,236.5,53.333333333333336
Jaren Hall,Pass Yards,222.5,0.0
Aidan O'Connell,Pass Yards,215.5,44.44444444444444
Gardner Minshew,Pass Yards,236.5,33.33333333333333
Amon-Ra St. Brown,Receiving Yards,109.5,21.428571428571427
Tony Pollard,Receiving Yards,15.5,40.0
Jahmyr Gibbs,Receiving Yards,25.5,38.46153846153847
Sam LaPorta,Receiving Yards,79.5,13.333333333333334
CeeDee Lamb,Receiving Yards,69.5,60.0
Amon-Ra St. Brown,Receiving Yards,59.5,78.57142857142857
Jake Ferguson,Receiving Yards,69.5,26.666666666666668
Brandin Cooks,Receiving Yards,59.5,14.285714285714285
Amon-Ra St. Brown,Receiving Yards,84.5,64.28571428571429
Jahmyr Gibbs,Receiving Yards,39.5,15.384615384615385
CeeDee Lamb,Receiving Yards,101.5,46.666666666666664
Jameson Williams,Receiving Yards,32.5,45.45454545454545
Brandin Cooks,Receiving Yards,39.5,35.714285714285715
Brandin Cooks,Receiving Yards,24.5,57.14285714285714
Kalif Raymond,Receiving Yards,14.5,73.33333333333333
Michael Gallup,Receiving Yards,19.5,46.666666666666664
Jameson Williams,Receiving Yards,59.5,0.0
Josh Reynolds,Receiving Yards,16.5,53.333333333333336
Jalen Tolbert,Receiving Yards,18.5,26.666666666666668
Jake Ferguson,Receiving Yards,49.5,26.666666666666668
Sam LaPorta,Receiving Yards,52.5,40.0
David Montgomery,Receiving Yards,7.5,50.0
Tyreek Hill,Receiving Yards,124.5,42.857142857142854
Zay Flowers,Receiving Yards,89.5,0.0
Tyreek Hill,Receiving Yards,69.5,71.42857142857143
Isaiah Likely,Receiving Yards,59.5,13.333333333333334
Odell Beckham Jr,Receiving Yards,59.5,15.384615384615385
Zay Flowers,Receiving Yards,39.5,73.33333333333333
Isaiah Likely,Receiving Yards,24.5,33.33333333333333
Odell Beckham Jr,Receiving Yards,24.5,69.23076923076923
Dalton Kincaid,Receiving Yards,24.5,64.28571428571429
Demario Douglas,Receiving Yards,47.5,41.66666666666667
DeVante Parker,Receiving Yards,36.5,45.45454545454545
Ezekiel Elliott,Receiving Yards,28.5,26.666666666666668
Gabriel Davis,Receiving Yards,34.5,53.333333333333336
James Cook,Receiving Yards,23.5,53.333333333333336
Khalil Shakir,Receiving Yards,22.5,46.666666666666664
Stefon Diggs,Receiving Yards,67.5,53.333333333333336
Stefon Diggs,Receiving Yards,99.5,33.33333333333333
Bijan Robinson,Receiving Yards,22.5,60.0
Drake London,Receiving Yards,42.5,50.0
Kyle Pitts,Receiving Yards,37.5,60.0
Stefon Diggs,Receiving Yards,49.5,66.66666666666666
Gabriel Davis,Receiving Yards,59.5,40.0
DeVante Parker,Receiving Yards,49.5,27.27272727272727
Hunter Henry,Receiving Yards,49.5,28.57142857142857
Dalton Kincaid,Receiving Yards,39.5,42.857142857142854
Ezekiel Elliott,Receiving Yards,49.5,6.666666666666667
James Cook,Receiving Yards,39.5,33.33333333333333
Jonnu Smith,Receiving Yards,24.5,66.66666666666666
D.J. Moore,Receiving Yards,66.5,40.0
Van Jefferson,Receiving Yards,12.5,46.666666666666664
DeVante Parker,Receiving Yards,24.5,54.54545454545454
Gabriel Davis,Receiving Yards,24.5,60.0
D.J. Moore,Receiving Yards,99.5,26.666666666666668
Kyle Pitts,Receiving Yards,59.5,6.666666666666667
D.J. Moore,Receiving Yards,49.5,73.33333333333333
Bijan Robinson,Receiving Yards,39.5,26.666666666666668
Kyle Pitts,Receiving Yards,24.5,80.0
Drake London,Receiving Yards,69.5,28.57142857142857
Hunter Renfrow,Receiving Yards,18.5,40.0
Austin Hooper,Receiving Yards,17.5,33.33333333333333
Jonathan Taylor,Receiving Yards,11.5,50.0
Kyren Williams,Receiving Yards,16.5,45.45454545454545
Saquon Barkley,Receiving Yards,16.5,41.66666666666667
Chigoziem Okonkwo,Receiving Yards,49.5,13.333333333333334
Chigoziem Okonkwo,Receiving Yards,24.5,66.66666666666666
Dalton Schultz,Receiving Yards,24.5,69.23076923076923
Puka Nacua,Receiving Yards,70.5,60.0
Darius Slayton,Receiving Yards,33.5,46.666666666666664
DeAndre Hopkins,Receiving Yards,49.5,53.333333333333336
Cooper Kupp,Receiving Yards,70.5,36.36363636363637
Jalin Hyatt,Receiving Yards,22.5,20.0
Demarcus Robinson,Receiving Yards,31.5,28.57142857142857
Wan'Dale Robinson,Receiving Yards,33.5,38.46153846153847
Daniel Bellinger,Receiving Yards,10.5,40.0
Tyler Higbee,Receiving Yards,24.5,57.14285714285714
Darren Waller,Receiving Yards,37.5,50.0
Davante Adams,Receiving Yards,99.5,13.333333333333334
Michael Pittman Jr.,Receiving Yards,99.5,21.428571428571427
Josh Downs,Receiving Yards,59.5,20.0
Jakobi Meyers,Receiving Yards,59.5,35.714285714285715
Davante Adams,Receiving Yards,49.5,66.66666666666666
Michael Pittman Jr.,Receiving Yards,49.5,85.71428571428571
Jakobi Meyers,Receiving Yards,24.5,85.71428571428571
Greg Dortch,Receiving Yards,30.5,14.285714285714285
A.J. Brown,Receiving Yards,85.5,53.333333333333336
Alec Pierce,Receiving Yards,49.5,13.333333333333334
Michael Wilson,Receiving Yards,30.5,54.54545454545454
DeVonta Smith,Receiving Yards,56.5,53.333333333333336
Josh Downs,Receiving Yards,24.5,73.33333333333333
Rondale Moore,Receiving Yards,22.5,46.666666666666664
Dallas Goedert,Receiving Yards,44.5,33.33333333333333
Trey McBride,Receiving Yards,66.5,26.666666666666668
James Conner,Receiving Yards,13.5,18.181818181818183
D'Andre Swift,Receiving Yards,10.5,40.0
Adam Thielen,Receiving Yards,69.5,53.333333333333336
Rachaad White,Receiving Yards,22.5,66.66666666666666
Alvin Kamara,Receiving Yards,32.5,75.0
Jonathan Mingo,Receiving Yards,49.5,21.428571428571427
Chris Olave,Receiving Yards,70.5,57.14285714285714
Mike Evans,Receiving Yards,64.5,53.333333333333336
Rashid Shaheed,Receiving Yards,32.5,53.84615384615385
Chris Godwin,Receiving Yards,55.5,40.0
A.T. Perry,Receiving Yards,15.5,62.5
Trey Palmer,Receiving Yards,19.5,46.666666666666664
David Moore,Receiving Yards,5.5,60.0
Foster Moreau,Receiving Yards,9.5,53.84615384615385
Cade Otton,Receiving Yards,25.5,46.666666666666664
Christian McCaffrey,Receiving Yards,30.5,46.666666666666664
Brandon Aiyuk,Receiving Yards,69.5,50.0
Terry McLaurin,Receiving Yards,52.5,46.666666666666664
Deebo Samuel,Receiving Yards,57.5,46.15384615384615
Jahan Dotson,Receiving Yards,30.5,40.0
Curtis Samuel,Receiving Yards,37.5,57.14285714285714
George Kittle,Receiving Yards,51.5,66.66666666666666
Logan Thomas,Receiving Yards,29.5,64.28571428571429
Adam Thielen,Receiving Yards,42.5,66.66666666666666
Calvin Ridley,Receiving Yards,58.5,40.0
Jonathan Mingo,Receiving Yards,29.5,35.714285714285715
Evan Engram,Receiving Yards,55.5,46.666666666666664
Stephen Sullivan,Receiving Yards,6.5,77.77777777777779
Tommy Tremble,Receiving Yards,11.5,42.857142857142854
Travis Etienne,Receiving Yards,20.5,66.66666666666666
Tyreek Hill,Receiving Yards,94.5,64.28571428571429
Zay Flowers,Receiving Yards,56.5,46.666666666666664
Cedrick Wilson Jr.,Receiving Yards,35.5,23.076923076923077
Nelson Agholor,Receiving Yards,14.5,46.666666666666664
Odell Beckham Jr,Receiving Yards,32.5,61.53846153846154
Rashod Bateman,Receiving Yards,26.5,35.714285714285715
Durham Smythe,Receiving Yards,18.5,42.857142857142854
Isaiah Likely,Receiving Yards,42.5,20.0
DeAndre Hopkins,Receiving Yards,59.5,46.666666666666664
Nico Collins,Receiving Yards,59.5,53.84615384615385
Chigoziem Okonkwo,Receiving Yards,38.5,26.666666666666668
Noah Brown,Receiving Yards,43.5,44.44444444444444
Dalton Schultz,Receiving Yards,40.5,53.84615384615385
Derrick Henry,Receiving Yards,7.5,66.66666666666666
Devin Singletary,Receiving Yards,13.5,20.0
Tyjae Spears,Receiving Yards,14.5,40.0
George Pickens,Receiving Yards,47.5,46.666666666666664
D.K. Metcalf,Receiving Yards,63.5,57.14285714285714
Diontae Johnson,Receiving Yards,42.5,63.63636363636363
Tyler Lockett,Receiving Yards,55.5,40.0
Allen Robinson,Receiving Yards,18.5,53.333333333333336
Pat Freiermuth,Receiving Yards,22.5,30.0
Noah Fant,Receiving Yards,18.5,53.333333333333336
Najee Harris,Receiving Yards,6.5,46.666666666666664
Kenneth Walker III,Receiving Yards,12.5,38.46153846153847
Jaylen Warren,Receiving Yards,24.5,46.666666666666664
Zach Charbonnet,Receiving Yards,9.5,50.0
Austin Ekeler,Receiving Yards,31.5,50.0
Javonte Williams,Receiving Yards,12.5,57.14285714285714
Gerald Everett,Receiving Yards,39.5,38.46153846153847
Lucas Krull,Receiving Yards,14.5,60.0
Rashee Rice,Receiving Yards,63.5,33.33333333333333
Justin Watson,Receiving Yards,21.5,57.14285714285714
Marquez Valdes-Scantling,Receiving Yards,14.5,53.333333333333336
Travis Kelce,Receiving Yards,65.5,50.0
Noah Gray,Receiving Yards,11.5,60.0
Joe Mixon,Receiving Yards,17.5,53.333333333333336
Chase Brown,Receiving Yards,11.5,20.0
Aaron Jones,Receiving Yards,16.5,55.55555555555556
Ty Chandler,Receiving Yards,12.5,20.0
Romeo Doubs,Receiving Yards,41.5,33.33333333333333
Justin Jefferson,Receiving Yards,78.5,75.0
Tucker Kraft,Receiving Yards,39.5,20.0
Hunter Henry,Receiving Yards,29.5,42.857142857142854
Alec Pierce,Receiving Yards,26.5,53.333333333333336
Davante Adams,Receiving Yards,65.5,53.333333333333336
Josh Downs,Receiving Yards,36.5,53.333333333333336
Kylen Granson,Receiving Yards,19.5,38.46153846153847
Michael Pittman Jr.,Receiving Yards,78.5,50.0
Jakobi Meyers,Receiving Yards,39.5,57.14285714285714
David Montgomery,Rush Yards,79.5,33.33333333333333
Dak Prescott,Rush Yards,17.5,40.0
Jahmyr Gibbs,Rush Yards,79.5,30.76923076923077
Tony Pollard,Rush Yards,79.5,6.666666666666667
David Montgomery,Rush Yards,55.5,83.33333333333334
Tony Pollard,Rush Yards,58.5,46.666666666666664
Jahmyr Gibbs,Rush Yards,52.5,69.23076923076923
Tony Pollard,Rush Yards,39.5,80.0
David Montgomery,Rush Yards,39.5,91.66666666666666
Josh Allen,Rush Yards,28.5,40.0
Ezekiel Elliott,Rush Yards,41.5,33.33333333333333
Lamar Jackson,Rush Yards,79.5,13.333333333333334
James Cook,Rush Yards,66.5,53.333333333333336
Gus Edwards,Rush Yards,69.5,6.666666666666667
Bailey Zappe,Rush Yards,5.5,25.0
Lamar Jackson,Rush Yards,39.5,66.66666666666666
Gus Edwards,Rush Yards,49.5,46.666666666666664
James Cook,Rush Yards,99.5,20.0
Bijan Robinson,Rush Yards,49.5,60.0
Taylor Heinicke,Rush Yards,11.5,75.0
Josh Allen,Rush Yards,49.5,6.666666666666667
D'Onta Foreman,Rush Yards,34.5,55.55555555555556
Justin Fields,Rush Yards,54.5,54.54545454545454
James Cook,Rush Yards,49.5,66.66666666666666
Josh Allen,Rush Yards,24.5,40.0
Khalil Herbert,Rush Yards,26.5,70.0
Roschon Johnson,Rush Yards,18.5,69.23076923076923
Tyler Allgeier,Rush Yards,28.5,80.0
Bijan Robinson,Rush Yards,69.5,33.33333333333333
Zamir White,Rush Yards,70.5,6.666666666666667
Jonathan Taylor,Rush Yards,74.5,37.5
Tyler Allgeier,Rush Yards,49.5,33.33333333333333
Gardner Minshew,Rush Yards,3.5,40.0
Bijan Robinson,Rush Yards,39.5,66.66666666666666
Tyrod Taylor,Rush Yards,23.5,33.33333333333333
Kyren Williams,Rush Yards,94.5,54.54545454545454
Saquon Barkley,Rush Yards,64.5,66.66666666666666
Derrick Henry,Rush Yards,49.5,60.0
Jonathan Taylor,Rush Yards,99.5,0.0
Zamir White,Rush Yards,99.5,6.666666666666667
James Conner,Rush Yards,55.5,63.63636363636363
D'Andre Swift,Rush Yards,69.5,46.666666666666664
Kyler Murray,Rush Yards,28.5,66.66666666666666
Jonathan Taylor,Rush Yards,59.5,50.0
Jalen Hurts,Rush Yards,44.5,26.666666666666668
Chuba Hubbard,Rush Yards,99.5,6.666666666666667
Taysom Hill,Rush Yards,15.5,50.0
Rachaad White,Rush Yards,64.5,40.0
Alvin Kamara,Rush Yards,45.5,75.0
Chase Edmonds,Rush Yards,15.5,18.181818181818183
Derek Carr,Rush Yards,1.5,53.333333333333336
Jamaal Williams,Rush Yards,17.5,45.45454545454545
Chuba Hubbard,Rush Yards,49.5,46.666666666666664
Baker Mayfield,Rush Yards,5.5,53.333333333333336
Miles Sanders,Rush Yards,49.5,21.428571428571427
Christian McCaffrey,Rush Yards,90.5,60.0
Brian Robinson Jr.,Rush Yards,36.5,76.92307692307693
Brock Purdy,Rush Yards,7.5,33.33333333333333
Deebo Samuel,Rush Yards,10.5,
Chuba Hubbard,Rush Yards,64.5,26.666666666666668
Travis Etienne,Rush Yards,60.5,26.666666666666668
Miles Sanders,Rush Yards,29.5,42.857142857142854
Bryce Young,Rush Yards,13.5,50.0
C.J. Beathard,Rush Yards,9.5,0.0
Lamar Jackson,Rush Yards,53.5,46.666666666666664
Raheem Mostert,Rush Yards,45.5,66.66666666666666
Gus Edwards,Rush Yards,40.5,66.66666666666666
Justice Hill,Rush Yards,29.5,50.0
Justice Hill,Rush Yards,49.5,0.0
Tua Tagovailoa,Rush Yards,4.5,46.666666666666664
Derrick Henry,Rush Yards,57.5,60.0
Devin Singletary,Rush Yards,57.5,33.33333333333333
Tyjae Spears,Rush Yards,28.5,46.666666666666664
C.J. Stroud,Rush Yards,6.5,61.53846153846154
Najee Harris,Rush Yards,53.5,46.666666666666664
Kenneth Walker III,Rush Yards,62.5,53.84615384615385
Jaylen Warren,Rush Yards,35.5,46.666666666666664
Zach Charbonnet,Rush Yards,24.5,57.14285714285714
Mason Rudolph,Rush Yards,7.5,0.0
Geno Smith,Rush Yards,4.5,53.84615384615385
Austin Ekeler,Rush Yards,46.5,50.0
Javonte Williams,Rush Yards,58.5,35.714285714285715
Easton Stick,Rush Yards,19.5,33.33333333333333
Patrick Mahomes,Rush Yards,21.5,66.66666666666666
Joe Mixon,Rush Yards,44.5,73.33333333333333
Chase Brown,Rush Yards,18.5,30.0
Jake Browning,Rush Yards,6.5,57.14285714285714
Jordan Love,Rush Yards,8.5,66.66666666666666
Jaren Hall,Rush Yards,26.5,0.0
Aaron Jones,Rush Yards,51.5,33.33333333333333
Ty Chandler,Rush Yards,61.5,13.333333333333334
CeeDee Lamb,Rush+Rec TDs,0.5,53.333333333333336
Amon-Ra St. Brown,Rush+Rec TDs,0.5,57.14285714285714
David Montgomery,Rush+Rec TDs,0.5,75.0
Jahmyr Gibbs,Rush+Rec TDs,0.5,53.84615384615385
Brandin Cooks,Rush+Rec TDs,0.5,42.857142857142854
Jake Ferguson,Rush+Rec TDs,0.5,33.33333333333333
Sam LaPorta,Rush+Rec TDs,0.5,40.0
CeeDee Lamb,Rush+Rec TDs,1.5,6.666666666666667
Brandon Aiyuk,Rush+Rec TDs,0.5,35.714285714285715
Christian McCaffrey,Rush+Rec TDs,0.5,86.66666666666667
Curtis Samuel,Rush+Rec TDs,0.5,21.428571428571427
Deebo Samuel,Rush+Rec TDs,0.5,30.76923076923077
George Kittle,Rush+Rec TDs,0.5,26.666666666666668
Terry McLaurin,Rush+Rec TDs,0.5,20.0
Demario Douglas,Rush+Rec TDs,0.5,0.0
Alvin Kamara,Rush+Rec TDs,0.5,33.33333333333333
Chris Godwin,Rush+Rec TDs,0.5,6.666666666666667
Chris Olave,Rush+Rec TDs,0.5,28.57142857142857
Taysom Hill,Rush+Rec TDs,0.5,21.428571428571427
Justice Hill,Rush+Rec TDs,0.5,14.285714285714285
Cooper Kupp,Rush+Rec TDs,0.5,36.36363636363637
Derrick Henry,Rush+Rec TDs,0.5,53.333333333333336
Darius Slayton,Rush+Rec TDs,0.5,13.333333333333334
Darren Waller,Rush+Rec TDs,0.5,10.0
Kyren Williams,Rush+Rec TDs,0.5,72.72727272727273
Kyren Williams,Rush+Rec TDs,1.5,36.36363636363637
Puka Nacua,Rush+Rec TDs,0.5,33.33333333333333
Tyler Higbee,Rush+Rec TDs,0.5,7.142857142857142
Wan'Dale Robinson,Rush+Rec TDs,0.5,7.6923076923076925
D.K. Metcalf,Rush+Rec TDs,0.5,42.857142857142854
Diontae Johnson,Rush+Rec TDs,0.5,36.36363636363637
George Pickens,Rush+Rec TDs,0.5,26.666666666666668
Jaxon Smith-Njigba,Rush+Rec TDs,0.5,20.0
Jaylen Warren,Rush+Rec TDs,0.5,20.0
Brandin Cooks,Rush+Rec TDs,0.5,42.857142857142854
Kenneth Walker III,Rush+Rec TDs,0.5,46.15384615384615
Cooper Kupp,Rush+Rec TDs,0.5,36.36363636363637
Najee Harris,Rush+Rec TDs,0.5,33.33333333333333
Tony Pollard,Rush+Rec TDs,0.5,26.666666666666668
Dalton Kincaid,Rush+Rec TDs,0.5,14.285714285714285
Tyler Lockett,Rush+Rec TDs,0.5,20.0
Ezekiel Elliott,Rush+Rec TDs,0.5,26.666666666666668
Zach Charbonnet,Rush+Rec TDs,0.5,7.142857142857142
Gabriel Davis,Rush+Rec TDs,0.5,46.666666666666664
Joe Mixon,Rush+Rec TDs,0.5,53.333333333333336
James Cook,Rush+Rec TDs,0.5,33.33333333333333
Rashee Rice,Rush+Rec TDs,0.5,46.666666666666664
Stefon Diggs,Rush+Rec TDs,0.5,40.0
Isaiah Likely,Rush+Rec TDs,0.5,13.333333333333334
Lamar Jackson,Rush+Rec TDs,0.5,20.0
Odell Beckham Jr,Rush+Rec TDs,0.5,23.076923076923077
Raheem Mostert,Rush+Rec TDs,0.5,80.0
Tyreek Hill,Rush+Rec TDs,0.5,71.42857142857143
Zay Flowers,Rush+Rec TDs,0.5,26.666666666666668
Bijan Robinson,Rush+Rec TDs,0.5,40.0
Jameson Williams,Rush+Rec TDs,0.5,18.181818181818183
D'Onta Foreman,Rush+Rec TDs,0.5,33.33333333333333
D.J. Moore,Rush+Rec TDs,0.5,33.33333333333333
Drake London,Rush+Rec TDs,0.5,14.285714285714285
Justin Fields,Rush+Rec TDs,0.5,27.27272727272727
Khalil Herbert,Rush+Rec TDs,0.5,20.0
Tyler Allgeier,Rush+Rec TDs,0.5,20.0
Christian McCaffrey,Rush+Rec TDs,1.5,33.33333333333333
Mike Evans,Rush+Rec TDs,0.5,73.33333333333333
Rachaad White,Rush+Rec TDs,0.5,53.333333333333336
Adam Thielen,Rush+Rec TDs,0.5,26.666666666666668
Chigoziem Okonkwo,Rush+Rec TDs,0.5,6.666666666666667
Dalton Schultz,Rush+Rec TDs,0.5,38.46153846153847
DeAndre Hopkins,Rush+Rec TDs,0.5,26.666666666666668
Devin Singletary,Rush+Rec TDs,0.5,20.0
Nico Collins,Rush+Rec TDs,0.5,46.15384615384615
Noah Brown,Rush+Rec TDs,0.5,22.22222222222222
Kyle Pitts,Rush+Rec TDs,0.5,20.0
A.J. Brown,Rush+Rec TDs,0.5,33.33333333333333
D'Andre Swift,Rush+Rec TDs,0.5,40.0
Dallas Goedert,Rush+Rec TDs,0.5,16.666666666666664
DeVonta Smith,Rush+Rec TDs,0.5,46.666666666666664
Jalen Hurts,Rush+Rec TDs,0.5,73.33333333333333
Jalen Hurts,Rush+Rec TDs,1.5,26.666666666666668
James Conner,Rush+Rec TDs,0.5,45.45454545454545
Josh Allen,Rush+Rec TDs,0.5,73.33333333333333
Kyler Murray,Rush+Rec TDs,0.5,50.0
Trey McBride,Rush+Rec TDs,0.5,13.333333333333334
Davante Adams,Rush+Rec TDs,0.5,26.666666666666668
Jakobi Meyers,Rush+Rec TDs,0.5,42.857142857142854
Jonathan Taylor,Rush+Rec TDs,0.5,62.5
Josh Downs,Rush+Rec TDs,0.5,13.333333333333334
Michael Pittman Jr.,Rush+Rec TDs,0.5,28.57142857142857
Clyde Edwards-Helaire,Rush+Rec TDs,0.5,14.285714285714285
Ja'Marr Chase,Rush+Rec TDs,0.5,35.714285714285715
Gus Edwards,Rush+Rec TDs,0.5,53.333333333333336
Tee Higgins,Rush+Rec TDs,0.5,27.27272727272727
Tyler Boyd,Rush+Rec TDs,0.5,13.333333333333334
Austin Ekeler,Rush+Rec TDs,0.5,41.66666666666667
Gerald Everett,Rush+Rec TDs,0.5,23.076923076923077
Javonte Williams,Rush+Rec TDs,0.5,28.57142857142857
Jerry Jeudy,Rush+Rec TDs,0.5,7.142857142857142
AJ Dillon,Rush+Rec TDs,0.5,14.285714285714285
Aaron Jones,Rush+Rec TDs,0.5,22.22222222222222
Dontayvion Wicks,Rush+Rec TDs,0.5,14.285714285714285
Justin Jefferson,Rush+Rec TDs,0.5,37.5
Romeo Doubs,Rush+Rec TDs,0.5,46.666666666666664
Tucker Kraft,Rush+Rec TDs,0.5,13.333333333333334
Zamir White,Rush+Rec TDs,0.5,6.666666666666667
Calvin Ridley,Rush+Rec TDs,0.5,33.33333333333333
Chuba Hubbard,Rush+Rec TDs,0.5,26.666666666666668
Evan Engram,Rush+Rec TDs,0.5,13.333333333333334
Dak Prescott,Pass TDs,2.5,33.33333333333333
Jared Goff,Pass TDs,2.5,20.0
Dak Prescott,Pass TDs,1.5,60.0
Jared Goff,Pass TDs,1.5,53.333333333333336
Brock Purdy,Pass TDs,1.5,53.333333333333336
Brock Purdy,Pass TDs,2.5,33.33333333333333
Baker Mayfield,Pass TDs,1.5,60.0
Derek Carr,Pass TDs,1.5,40.0
Lamar Jackson,Pass TDs,1.5,40.0
Matthew Stafford,Pass TDs,1.5,42.857142857142854
Matthew Stafford,Pass TDs,2.5,21.428571428571427
Tyrod Taylor,Pass TDs,1.5,11.11111111111111
Jake Browning,Pass TDs,1.5,28.57142857142857
Patrick Mahomes,Pass TDs,1.5,60.0
Patrick Mahomes,Pass TDs,2.5,13.333333333333334
Josh Allen,Pass TDs,2.5,20.0
Jordan Love,Pass TDs,1.5,60.0
Ezekiel Elliott,Rush+Rec Yds,72.5,26.666666666666668
James Cook,Rush+Rec Yds,94.5,53.333333333333336
Bijan Robinson,Rush+Rec Yds,75.5,60.0
Kyren Williams,Rush+Rec Yds,115.5,36.36363636363637
Saquon Barkley,Rush+Rec Yds,90.5,58.333333333333336
Rachaad White,Rush+Rec Yds,91.5,60.0
Alvin Kamara,Rush+Rec Yds,89.5,58.333333333333336
Christian McCaffrey,Rush+Rec Yds,121.5,60.0
Deebo Samuel,Rush+Rec Yds,75.5,30.76923076923077
Aaron Jones,Rush+Rec Yds,72.5,33.33333333333333
Ty Chandler,Rush+Rec Yds,79.5,13.333333333333334
David Montgomery,Rush+Rec Yds,65.5,83.33333333333334
Jahmyr Gibbs,Rush+Rec Yds,78.5,61.53846153846154
Tony Pollard,Rush+Rec Yds,78.5,53.333333333333336
D'Onta Foreman,Rush+Rec Yds,41.5,55.55555555555556
Khalil Herbert,Rush+Rec Yds,33.5,80.0
Roschon Johnson,Rush+Rec Yds,31.5,53.84615384615385
Tyler Allgeier,Rush+Rec Yds,34.5,66.66666666666666
Amon-Ra St. Brown,Receptions,7.0,50.0
David Montgomery,Receptions,1.5,50.0
Brandin Cooks,Receptions,3.0,35.714285714285715
CeeDee Lamb,Receptions,7.5,33.33333333333333
Josh Reynolds,Receptions,1.5,66.66666666666666
Jake Ferguson,Receptions,5.0,26.666666666666668
Kalif Raymond,Receptions,1.5,66.66666666666666
Michael Gallup,Receptions,2.0,33.33333333333333
Tony Pollard,Receptions,3.0,40.0
Gabriel Davis,Receptions,2.5,46.666666666666664
Drake London,Receptions,3.5,50.0
Jonnu Smith,Receptions,2.5,60.0
Kyren Williams,Receptions,2.5,54.54545454545454
Puka Nacua,Receptions,5.5,40.0
Tyler Higbee,Receptions,2.5,57.14285714285714
Darren Waller,Receptions,3.5,50.0
Christian McCaffrey,Receptions,4.0,53.333333333333336
George Kittle,Receptions,4.0,33.33333333333333
Rashod Bateman,Receptions,2.5,28.57142857142857
Gerald Everett,Receptions,4.5,30.76923076923077
Noah Gray,Receptions,1.5,53.333333333333336
Romeo Doubs,Receptions,3.5,53.333333333333336
Ezekiel Elliott,Receptions,4.5,26.666666666666668
Josh Downs,Receptions,3.5,53.333333333333336
Dak Prescott,Pass Attempts,36.5,40.0
Jared Goff,Pass Attempts,36.5,33.33333333333333
Josh Allen,Pass Attempts,30.5,66.66666666666666
Justin Fields,Pass Attempts,27.0,63.63636363636363
Taylor Heinicke,Pass Attempts,29.5,50.0
Jalen Hurts,Pass Attempts,30.5,73.33333333333333
Kyler Murray,Pass Attempts,34.5,50.0
Brock Purdy,Pass Attempts,30.5,20.0
Lamar Jackson,Pass Attempts,31.0,33.33333333333333
Jake Browning,Pass Attempts,34.5,42.857142857142854
Patrick Mahomes,Pass Attempts,35.5,66.66666666666666
Jordan Love,Pass Attempts,33.5,53.333333333333336
Aidan O'Connell,Pass Attempts,30.5,55.55555555555556
Gardner Minshew,Pass Attempts,33.0,46.666666666666664
Jared Goff,Pass Completions,23.5,46.666666666666664
Dak Prescott,Pass Completions,24.5,53.333333333333336
Josh Allen,Pass Completions,22.5,53.333333333333336
Justin Fields,Pass Completions,16.5,45.45454545454545
Taylor Heinicke,Pass Completions,18.5,50.0
Jalen Hurts,Pass Completions,21.5,60.0
Kyler Murray,Pass Completions,22.0,50.0
Brock Purdy,Pass Completions,20.5,33.33333333333333
Lamar Jackson,Pass Completions,20.5,53.333333333333336
Jake Browning,Pass Completions,23.0,42.857142857142854
Patrick Mahomes,Pass Completions,25.5,46.666666666666664
Jordan Love,Pass Completions,22.5,40.0
Aidan O'Connell,Pass Completions,19.5,55.55555555555556
Gardner Minshew,Pass Completions,22.0,40.0
Brock Purdy,INT,0.5,40.0
Jared Goff,INT,0.5,46.666666666666664
Dak Prescott,INT,0.5,33.33333333333333
Josh Allen,INT,0.5,80.0
Justin Fields,INT,0.5,63.63636363636363
Matthew Stafford,INT,0.5,50.0
Tyrod Taylor,INT,0.5,11.11111111111111
Baker Mayfield,INT,0.5,53.333333333333336
Patrick Mahomes,INT,0.5,73.33333333333333
Jordan Love,INT,0.5,46.666666666666664
Jaren Hall,INT,0.5,0.0
Aidan O'Connell,INT,0.5,55.55555555555556
Jared Goff,Pass+Rush Yds,267.5,46.666666666666664
Dak Prescott,Pass+Rush Yds,304.5,40.0
Josh Allen,Pass+Rush Yds,269.5,60.0
Taylor Heinicke,Pass+Rush Yds,215.5,50.0
Derek Carr,Pass+Rush Yds,248.5,40.0
Baker Mayfield,Pass+Rush Yds,246.5,60.0
Lamar Jackson,Pass+Rush Yds,288.5,40.0
Easton Stick,Pass+Rush Yds,233.5,66.66666666666666
Jake Browning,Pass+Rush Yds,244.5,57.14285714285714
Patrick Mahomes,Pass+Rush Yds,297.5,40.0
Jordan Love,Pass+Rush Yds,246.5,53.333333333333336
Jaren Hall,Pass+Rush Yds,253.5,0.0
Justin Fields,Pass+Rush Yds,248.5,63.63636363636363
Aidan O'Connell,Pass+Rush Yds,221.5,44.44444444444444
Gardner Minshew,Pass+Rush Yds,238.5,33.33333333333333
Dak Prescott,Rush Attempts,3.5,46.666666666666664
Jahmyr Gibbs,Rush Attempts,10.0,61.53846153846154
Tony Pollard,Rush Attempts,15.0,26.666666666666668
Bijan Robinson,Rush Attempts,12.0,46.666666666666664
Justin Fields,Rush Attempts,9.5,45.45454545454545
Kyren Williams,Rush Attempts,19.5,54.54545454545454
Saquon Barkley,Rush Attempts,16.5,50.0
D'Andre Swift,Rush Attempts,15.5,46.666666666666664
Jalen Hurts,Rush Attempts,9.5,53.333333333333336
James Conner,Rush Attempts,13.5,63.63636363636363
Christian McCaffrey,Rush Attempts,17.5,53.333333333333336
Lamar Jackson,Rush Attempts,9.5,46.666666666666664
Gus Edwards,Rush Attempts,10.5,60.0
Justice Hill,Rush Attempts,7.5,35.714285714285715
Patrick Mahomes,Rush Attempts,4.5,53.333333333333336
Josh Allen,Rush Attempts,7.5,26.666666666666668
Michael Badgley,Kicking Points,7.0,0.0
Younghoe Koo,Kicking Points,6.0,46.666666666666664
Cairo Santos,Kicking Points,6.5,46.666666666666664
Lucas Havrisik,Kicking Points,7.5,50.0
Mason Crosby,Kicking Points,5.5,0.0
Jake Elliott,Kicking Points,8.0,40.0
Matt Prater,Kicking Points,6.0,40.0
Justin Tucker,Kicking Points,7.5,60.0
Evan McPherson,Kicking Points,5.5,66.66666666666666
Harrison Butker,Kicking Points,7.5,46.666666666666664
Anders Carlson,Kicking Points,6.5,53.333333333333336
Greg Joseph,Kicking Points,6.5,40.0
Daniel Carlson,Kicking Points,6.5,33.33333333333333
